,airln_name,airln_code,type,codeshared,status,icaonumb,flight,depart_terminal,depart_gate,depart_airpt,schd_depart_time,depart_delay,arri_airpt,schd_arri_time,arri_delay
0,Air Algerie,AH,departure,,landed,DAH2015,2015,1,D16,BCN,2019-07-24 20:05:00,0.0,ALG,2019-07-24 20:25:00,0.0
1,Iberia,IB,departure,Vueling,landed,IBE5162,5162,1,B40,BCN,2019-07-24 20:15:00,3.0,PMI,2019-07-24 21:10:00,0.0
2,Qatar Airways,QR,departure,Vueling,landed,QTR3670,3670,1,B40,BCN,2019-07-24 20:15:00,3.0,PMI,2019-07-24 21:10:00,0.0
3,Vueling,VY,departure,,landed,VLG3918,3918,1,B40,BCN,2019-07-24 20:15:00,3.0,PMI,2019-07-24 21:10:00,0.0
4,Iberia,IB,departure,Vueling,landed,IBE5063,5063,1,B68,BCN,2019-07-24 20:00:00,22.0,MAH,2019-07-24 20:55:00,19.0
5,Qatar Airways,QR,departure,Vueling,landed,QTR3641,3641,1,B68,BCN,2019-07-24 20:00:00,22.0,MAH,2019-07-24 20:55:00,19.0
6,Vueling,VY,departure,,landed,VLG3730,3730,1,B68,BCN,2019-07-24 20:00:00,22.0,MAH,2019-07-24 20:55:00,19.0
7,American Airlines,AA,departure,Iberia,landed,AAL8871,8871,1,A2,BCN,2019-07-24 19:30:00,9.0,MAD,2019-07-24 20:55:00,7.0
8,SA AVIANCA,AV,departure,Iberia,landed,AVA6047,6047,1,A2,BCN,2019-07-24 19:30:00,9.0,MAD,2019-07-24 20:55:00,7.0
9,LATAM Airlines,LA,departure,Iberia,landed,LAN7106,7106,1,A2,BCN,2019-07-24 19:30:00,9.0,MAD,2019-07-24 20:55:00,7.0
10,Iberia,IB,departure,,landed,IBE1931,1931,1,A2,BCN,2019-07-24 19:30:00,9.0,MAD,2019-07-24 20:55:00,7.0
11,British Airways,BA,departure,Vueling,landed,BAW8150,8150,1,B48,BCN,2019-07-24 19:20:00,27.0,ORY,2019-07-24 21:10:00,25.0
12,Iberia,IB,departure,Vueling,landed,IBE5276,5276,1,B48,BCN,2019-07-24 19:20:00,27.0,ORY,2019-07-24 21:10:00,25.0
13,Vueling,VY,departure,,landed,VLG8022,8022,1,B48,BCN,2019-07-24 19:20:00,27.0,ORY,2019-07-24 21:10:00,25.0
14,LATAM Airlines,LA,departure,Vueling,landed,LAN5765,5765,1,D14,BCN,2019-07-24 16:25:00,7.0,DUB,2019-07-24 18:10:00,0.0
15,Vueling,VY,departure,,landed,VLG8722,8722,1,D14,BCN,2019-07-24 16:25:00,7.0,DUB,2019-07-24 18:10:00,0.0
16,SA AVIANCA,AV,departure,Iberia,landed,AVA6000,6000,1,A2,BCN,2019-07-24 16:30:00,2.0,MAD,2019-07-24 17:55:00,0.0
17,LATAM Airlines,LA,departure,Iberia,landed,LAN7154,7154,1,A2,BCN,2019-07-24 16:30:00,2.0,MAD,2019-07-24 17:55:00,0.0
18,BoA,OB,departure,Iberia,landed,BOV5003,5003,1,A2,BCN,2019-07-24 16:30:00,2.0,MAD,2019-07-24 17:55:00,0.0
19,Iberia,IB,departure,,landed,IBE1631,1631,1,A2,BCN,2019-07-24 16:30:00,2.0,MAD,2019-07-24 17:55:00,0.0
20,Transavia,HV,departure,,landed,TRA5136,5136,2,S21,BCN,2019-07-24 15:20:00,74.0,AMS,2019-07-24 17:45:00,69.0
21,easyJet,U2,departure,,landed,EZY2266,2266,2,M6,BCN,2019-07-24 16:35:00,3.0,LTN,2019-07-24 18:00:00,0.0
22,Etihad Airways,EY,departure,Alitalia,landed,ETD2822,2822,1,,BCN,2019-07-24 16:40:00,0.0,FCO,2019-07-24 18:25:00,4.0
23,Air Serbia,JU,departure,Alitalia,landed,ASL7286,7286,1,,BCN,2019-07-24 16:40:00,0.0,FCO,2019-07-24 18:25:00,4.0
24,Korean Air,KE,departure,Alitalia,landed,KAL6284,6284,1,,BCN,2019-07-24 16:40:00,0.0,FCO,2019-07-24 18:25:00,4.0
25,Air Europa,UX,departure,Alitalia,landed,AEA3128,3128,1,,BCN,2019-07-24 16:40:00,0.0,FCO,2019-07-24 18:25:00,4.0
26,Alitalia,AZ,departure,,landed,AZA79,79,1,,BCN,2019-07-24 16:40:00,0.0,FCO,2019-07-24 18:25:00,4.0
27,Iberia,IB,departure,Vueling,landed,IBE5398,5398,1,A20,BCN,2019-07-24 16:40:00,4.0,EAS,2019-07-24 17:55:00,0.0
28,LATAM Airlines,LA,departure,Vueling,landed,LAN5769,5769,1,A20,BCN,2019-07-24 16:40:00,4.0,EAS,2019-07-24 17:55:00,0.0
29,Qatar Airways,QR,departure,Vueling,landed,QTR3572,3572,1,A20,BCN,2019-07-24 16:40:00,4.0,EAS,2019-07-24 17:55:00,0.0
30,Vueling,VY,departure,,landed,VLG2488,2488,1,A20,BCN,2019-07-24 16:40:00,4.0,EAS,2019-07-24 17:55:00,0.0
31,Air Europa,UX,departure,Aeroflot,landed,AEA3297,3297,1,D21,BCN,2019-07-24 16:50:00,0.0,SVO,2019-07-24 22:15:00,0.0
32,Aeroflot,SU,departure,,landed,AFL2515,2515,1,D21,BCN,2019-07-24 16:50:00,0.0,SVO,2019-07-24 22:15:00,0.0
33,Norwegian Air International,D8,departure,,landed,IBK5558,5558,2,U41,BCN,2019-07-24 16:35:00,12.0,GOT,2019-07-24 19:45:00,1.0
34,American Airlines,AA,departure,British Airways,landed,AAL6403,6403,1,D18,BCN,2019-07-24 16:55:00,0.0,LHR,2019-07-24 18:15:00,0.0
35,British Airways,BA,departure,,landed,BAW407,407,1,D18,BCN,2019-07-24 16:55:00,0.0,LHR,2019-07-24 18:15:00,0.0
36,TAP Portugal,TP,departure,EgyptAir,landed,TAP7013,7013,1,D4,BCN,2019-07-24 16:25:00,28.0,CAI,2019-07-24 20:30:00,32.0
37,EgyptAir,MS,departure,,landed,MSR768,768,1,D4,BCN,2019-07-24 16:25:00,28.0,CAI,2019-07-24 20:30:00,32.0
38,Iberia,IB,departure,Vueling,landed,IBE5156,5156,1,B69,BCN,2019-07-24 16:05:00,50.0,PMI,2019-07-24 17:00:00,40.0
39,LATAM Airlines,LA,departure,Vueling,landed,LAN5795,5795,1,B69,BCN,2019-07-24 16:05:00,50.0,PMI,2019-07-24 17:00:00,40.0
40,Qatar Airways,QR,departure,Vueling,landed,QTR3678,3678,1,B69,BCN,2019-07-24 16:05:00,50.0,PMI,2019-07-24 17:00:00,40.0
41,Vueling,VY,departure,,landed,VLG3912,3912,1,B69,BCN,2019-07-24 16:05:00,50.0,PMI,2019-07-24 17:00:00,40.0
42,Iberia,IB,departure,Vueling,landed,IBE5191,5191,1,B43,BCN,2019-07-24 16:10:00,45.0,GVA,2019-07-24 17:50:00,48.0
43,LATAM Airlines,LA,departure,Vueling,landed,LAN5775,5775,1,B43,BCN,2019-07-24 16:10:00,45.0,GVA,2019-07-24 17:50:00,48.0
44,Vueling,VY,departure,,landed,VLG6201,6201,1,B43,BCN,2019-07-24 16:10:00,45.0,GVA,2019-07-24 17:50:00,48.0
45,Air China,CA,departure,Lufthansa,landed,CCA6292,6292,1,B28,BCN,2019-07-24 16:50:00,8.0,FRA,2019-07-24 19:00:00,3.0
46,Etihad Airways,EY,departure,Lufthansa,landed,ETD4189,4189,1,B28,BCN,2019-07-24 16:50:00,8.0,FRA,2019-07-24 19:00:00,3.0
47,ANA,NH,departure,Lufthansa,landed,ANA5450,5450,1,B28,BCN,2019-07-24 16:50:00,8.0,FRA,2019-07-24 19:00:00,3.0
48,South African Airways,SA,departure,Lufthansa,landed,SAA7831,7831,1,B28,BCN,2019-07-24 16:50:00,8.0,FRA,2019-07-24 19:00:00,3.0
49,SAS,SK,departure,Lufthansa,landed,SAS3389,3389,1,B28,BCN,2019-07-24 16:50:00,8.0,FRA,2019-07-24 19:00:00,3.0
50,Thai Airways International,TG,departure,Lufthansa,landed,THA7655,7655,1,B28,BCN,2019-07-24 16:50:00,8.0,FRA,2019-07-24 19:00:00,3.0
51,Lufthansa,LH,departure,,landed,DLH1135,1135,1,B28,BCN,2019-07-24 16:50:00,8.0,FRA,2019-07-24 19:00:00,3.0
52,Iberia,IB,departure,Vueling,landed,IBE5082,5082,1,A22,BCN,2019-07-24 17:10:00,0.0,GRX,2019-07-24 18:40:00,0.0
53,LATAM Airlines,LA,departure,Vueling,landed,LAN5774,5774,1,A22,BCN,2019-07-24 17:10:00,0.0,GRX,2019-07-24 18:40:00,0.0
54,Qatar Airways,QR,departure,Vueling,landed,QTR3588,3588,1,A22,BCN,2019-07-24 17:10:00,0.0,GRX,2019-07-24 18:40:00,0.0
55,Vueling,VY,departure,,landed,VLG2014,2014,1,A22,BCN,2019-07-24 17:10:00,0.0,GRX,2019-07-24 18:40:00,0.0
56,Norwegian Air International,D8,departure,,landed,IBK5574,5574,2,S24,BCN,2019-07-24 16:50:00,10.0,CPH,2019-07-24 19:50:00,8.0
57,Ryanair,FR,departure,,landed,RYR6881,6881,2,S25,BCN,2019-07-24 16:55:00,8.0,MAH,2019-07-24 17:55:00,7.0
58,Iberia,IB,departure,Vueling,landed,IBE5142,5142,1,A6,BCN,2019-07-24 17:05:00,0.0,MAH,2019-07-24 18:00:00,3.0
59,Qatar Airways,QR,departure,Vueling,landed,QTR3656,3656,1,A6,BCN,2019-07-24 17:05:00,0.0,MAH,2019-07-24 18:00:00,3.0
60,Vueling,VY,departure,,landed,VLG3716,3716,1,A6,BCN,2019-07-24 17:05:00,0.0,MAH,2019-07-24 18:00:00,3.0
61,Belavia,B2,departure,,landed,BRU870,870,2,W44,BCN,2019-07-24 17:05:00,2.0,MSQ,2019-07-24 21:40:00,4.0
62,Azul,AD,departure,TAP Portugal,landed,AZU7226,7226,1,B44,BCN,2019-07-24 17:10:00,1.0,LIS,2019-07-24 18:05:00,0.0
63,Air Baltic,BT,departure,TAP Portugal,landed,BTI5283,5283,1,B44,BCN,2019-07-24 17:10:00,1.0,LIS,2019-07-24 18:05:00,0.0
64,EgyptAir,MS,departure,TAP Portugal,landed,MSR9423,9423,1,B44,BCN,2019-07-24 17:10:00,1.0,LIS,2019-07-24 18:05:00,0.0
65,UIA,PS,departure,TAP Portugal,landed,AUI9957,9957,1,B44,BCN,2019-07-24 17:10:00,1.0,LIS,2019-07-24 18:05:00,0.0
66,TAP Portugal,TP,departure,,landed,TAP1037,1037,1,B44,BCN,2019-07-24 17:10:00,1.0,LIS,2019-07-24 18:05:00,0.0
67,Iberia,IB,departure,Vueling,landed,IBE5380,5380,1,B47,BCN,2019-07-24 16:35:00,38.0,VLC,2019-07-24 17:30:00,40.0
68,Qatar Airways,QR,departure,Vueling,landed,QTR3719,3719,1,B47,BCN,2019-07-24 16:35:00,38.0,VLC,2019-07-24 17:30:00,40.0
69,Vueling,VY,departure,,landed,VLG1314,1314,1,B47,BCN,2019-07-24 16:35:00,38.0,VLC,2019-07-24 17:30:00,40.0
70,Iberia,IB,departure,Vueling,landed,IBE5152,5152,1,B61,BCN,2019-07-24 17:05:00,9.0,PMI,2019-07-24 18:00:00,0.0
71,Qatar Airways,QR,departure,Vueling,landed,QTR3689,3689,1,B61,BCN,2019-07-24 17:05:00,9.0,PMI,2019-07-24 18:00:00,0.0
72,Vueling,VY,departure,,landed,VLG3908,3908,1,B61,BCN,2019-07-24 17:05:00,9.0,PMI,2019-07-24 18:00:00,0.0
73,Ryanair,FR,departure,,landed,RYR6370,6370,2,U39,BCN,2019-07-24 16:50:00,25.0,LPA,2019-07-24 19:25:00,10.0
74,Norwegian Air International,D8,departure,,landed,IBK5502,5502,2,W42,BCN,2019-07-24 17:25:00,0.0,LGW,2019-07-24 18:40:00,0.0
75,Iberia,IB,departure,Air Baltic,landed,IBE1484,1484,1,B48,BCN,2019-07-24 17:10:00,10.0,RIX,2019-07-24 21:50:00,8.0
76,Air Baltic,BT,departure,,landed,BTI684,684,1,B48,BCN,2019-07-24 17:10:00,10.0,RIX,2019-07-24 21:50:00,8.0
77,Iberia,IB,departure,Vueling,landed,IBE5052,5052,1,A8,BCN,2019-07-24 17:00:00,25.0,MAD,2019-07-24 18:25:00,23.0
78,LATAM Airlines,LA,departure,Vueling,landed,LAN5783,5783,1,A8,BCN,2019-07-24 17:00:00,25.0,MAD,2019-07-24 18:25:00,23.0
79,Vueling,VY,departure,,landed,VLG1701,1701,1,A8,BCN,2019-07-24 17:00:00,25.0,MAD,2019-07-24 18:25:00,23.0
80,Iberia,IB,departure,Vueling,landed,IBE5328,5328,1,D14,BCN,2019-07-24 17:25:00,0.0,MAN,2019-07-24 19:00:00,0.0
81,LATAM Airlines,LA,departure,Vueling,landed,LAN5787,5787,1,D14,BCN,2019-07-24 17:25:00,0.0,MAN,2019-07-24 19:00:00,0.0
82,Vueling,VY,departure,,landed,VLG8748,8748,1,D14,BCN,2019-07-24 17:25:00,0.0,MAN,2019-07-24 19:00:00,0.0
83,Iberia,IB,departure,Vueling,landed,IBE5420,5420,1,A12,BCN,2019-07-24 17:40:00,0.0,TFN,2019-07-24 20:05:00,0.0
84,LATAM Airlines,LA,departure,Vueling,landed,LAN5876,5876,1,A12,BCN,2019-07-24 17:40:00,0.0,TFN,2019-07-24 20:05:00,0.0
85,Qatar Airways,QR,departure,Vueling,landed,QTR3726,3726,1,A12,BCN,2019-07-24 17:40:00,0.0,TFN,2019-07-24 20:05:00,0.0
86,Vueling,VY,departure,,landed,VLG3208,3208,1,A12,BCN,2019-07-24 17:40:00,0.0,TFN,2019-07-24 20:05:00,0.0
87,Norwegian Air International,D8,departure,Hi Fly,landed,IBK5552,5552,2,R10,BCN,2019-07-24 17:15:00,22.0,ARN,2019-07-24 20:50:00,19.0
88,Hi Fly,5K,departure,,landed,HFY5552,5552,2,R10,BCN,2019-07-24 17:15:00,22.0,ARN,2019-07-24 20:50:00,19.0
89,British Airways,BA,departure,Vueling,landed,BAW8148,8148,1,B36,BCN,2019-07-24 17:35:00,2.0,ORY,2019-07-24 19:25:00,2.0
90,Iberia,IB,departure,Vueling,landed,IBE5274,5274,1,B36,BCN,2019-07-24 17:35:00,2.0,ORY,2019-07-24 19:25:00,2.0
91,LATAM Airlines,LA,departure,Vueling,landed,LAN5793,5793,1,B36,BCN,2019-07-24 17:35:00,2.0,ORY,2019-07-24 19:25:00,2.0
92,Vueling,VY,departure,,landed,VLG8020,8020,1,B36,BCN,2019-07-24 17:35:00,2.0,ORY,2019-07-24 19:25:00,2.0
93,easyJet,U2,departure,,landed,EZY1408,1408,2,,BCN,2019-07-24 17:00:00,40.0,GVA,2019-07-24 18:35:00,39.0
94,Ryanair,FR,departure,,landed,RYR8394,8394,2,R14,BCN,2019-07-24 17:10:00,33.0,BUD,2019-07-24 19:50:00,22.0
95,Iberia,IB,departure,Vueling,landed,IBE5392,5392,1,B51,BCN,2019-07-24 17:40:00,4.0,BIO,2019-07-24 18:55:00,0.0
96,LATAM Airlines,LA,departure,Vueling,landed,LAN5748,5748,1,B51,BCN,2019-07-24 17:40:00,4.0,BIO,2019-07-24 18:55:00,0.0
97,Qatar Airways,QR,departure,Vueling,landed,QTR3548,3548,1,B51,BCN,2019-07-24 17:40:00,4.0,BIO,2019-07-24 18:55:00,0.0
98,Vueling,VY,departure,,landed,VLG1434,1434,1,B51,BCN,2019-07-24 17:40:00,4.0,BIO,2019-07-24 18:55:00,0.0
99,Iberia,IB,departure,Vueling,landed,IBE5049,5049,1,B39,BCN,2019-07-24 17:55:00,0.0,IBZ,2019-07-24 18:55:00,0.0
100,Qatar Airways,QR,departure,Vueling,landed,QTR3538,3538,1,B39,BCN,2019-07-24 17:55:00,0.0,IBZ,2019-07-24 18:55:00,0.0
101,Vueling,VY,departure,,landed,VLG3542,3542,1,B39,BCN,2019-07-24 17:55:00,0.0,IBZ,2019-07-24 18:55:00,0.0
102,Iberia,IB,departure,,landed,IBE1751,1751,1,A2,BCN,2019-07-24 17:50:00,9.0,MAD,2019-07-24 19:15:00,2.0
103,Ryanair,FR,departure,,landed,RYR2939,2939,2,S21,BCN,2019-07-24 17:35:00,25.0,BRU,2019-07-24 19:50:00,13.0
104,Iberia,IB,departure,Vueling,landed,IBE5154,5154,1,B65,BCN,2019-07-24 18:05:00,0.0,PMI,2019-07-24 19:00:00,0.0
105,Qatar Airways,QR,departure,Vueling,landed,QTR3680,3680,1,B65,BCN,2019-07-24 18:05:00,0.0,PMI,2019-07-24 19:00:00,0.0
106,Vueling,VY,departure,,landed,VLG3910,3910,1,B65,BCN,2019-07-24 18:05:00,0.0,PMI,2019-07-24 19:00:00,0.0
107,British Airways,BA,departure,Vueling,landed,BAW8196,8196,1,B55,BCN,2019-07-24 17:40:00,26.0,MUC,2019-07-24 19:50:00,28.0
108,Iberia,IB,departure,Vueling,landed,IBE5062,5062,1,B55,BCN,2019-07-24 17:40:00,26.0,MUC,2019-07-24 19:50:00,28.0
109,Vueling,VY,departure,,landed,VLG1818,1818,1,B55,BCN,2019-07-24 17:40:00,26.0,MUC,2019-07-24 19:50:00,28.0
110,Iberia,IB,departure,Vueling,landed,IBE5134,5134,1,B43,BCN,2019-07-24 18:05:00,3.0,MAH,2019-07-24 19:00:00,0.0
111,Qatar Airways,QR,departure,Vueling,landed,QTR3627,3627,1,B43,BCN,2019-07-24 18:05:00,3.0,MAH,2019-07-24 19:00:00,0.0
112,Vueling,VY,departure,,landed,VLG3700,3700,1,B43,BCN,2019-07-24 18:05:00,3.0,MAH,2019-07-24 19:00:00,0.0
113,Iberia,IB,departure,Vueling,landed,IBE5414,5414,1,B40,BCN,2019-07-24 18:10:00,0.0,ALC,2019-07-24 19:20:00,0.0
114,LATAM Airlines,LA,departure,Vueling,landed,LAN5754,5754,1,B40,BCN,2019-07-24 18:10:00,0.0,ALC,2019-07-24 19:20:00,0.0
115,Qatar Airways,QR,departure,Vueling,landed,QTR3742,3742,1,B40,BCN,2019-07-24 18:10:00,0.0,ALC,2019-07-24 19:20:00,0.0
116,Vueling,VY,departure,,landed,VLG1316,1316,1,B40,BCN,2019-07-24 18:10:00,0.0,ALC,2019-07-24 19:20:00,0.0
117,Iberia,IB,departure,Vueling,landed,IBE5130,5130,1,B56,BCN,2019-07-24 17:05:00,70.0,IBZ,2019-07-24 18:05:00,68.0
118,Qatar Airways,QR,departure,Vueling,landed,QTR3602,3602,1,B56,BCN,2019-07-24 17:05:00,70.0,IBZ,2019-07-24 18:05:00,68.0
119,Vueling,VY,departure,,landed,VLG3516,3516,1,B56,BCN,2019-07-24 17:05:00,70.0,IBZ,2019-07-24 18:05:00,68.0
120,Iberia,IB,departure,Vueling,landed,IBE5210,5210,1,B52,BCN,2019-07-24 17:50:00,25.0,ZRH,2019-07-24 19:45:00,19.0
121,LATAM Airlines,LA,departure,Vueling,landed,LAN5806,5806,1,B52,BCN,2019-07-24 17:50:00,25.0,ZRH,2019-07-24 19:45:00,19.0
122,Vueling,VY,departure,,landed,VLG6248,6248,1,B52,BCN,2019-07-24 17:50:00,25.0,ZRH,2019-07-24 19:45:00,19.0
123,Iberia,IB,departure,Vueling,landed,IBE5736,5736,1,B33,BCN,2019-07-24 18:05:00,11.0,SVQ,2019-07-24 19:45:00,0.0
124,Qatar Airways,QR,departure,Vueling,landed,QTR3603,3603,1,B33,BCN,2019-07-24 18:05:00,11.0,SVQ,2019-07-24 19:45:00,0.0
125,Vueling,VY,departure,,landed,VLG2268,2268,1,B33,BCN,2019-07-24 18:05:00,11.0,SVQ,2019-07-24 19:45:00,0.0
126,easyJet,U2,departure,,landed,EZY3922,3922,2,,BCN,2019-07-24 18:05:00,12.0,CDG,2019-07-24 20:05:00,2.0
127,British Airways,BA,departure,Vueling,landed,BAW8070,8070,1,D6,BCN,2019-07-24 17:25:00,58.0,LGW,2019-07-24 18:45:00,51.0
128,Iberia,IB,departure,Vueling,landed,IBE5521,5521,1,D6,BCN,2019-07-24 17:25:00,58.0,LGW,2019-07-24 18:45:00,51.0
129,LATAM Airlines,LA,departure,Vueling,landed,LAN5780,5780,1,D6,BCN,2019-07-24 17:25:00,58.0,LGW,2019-07-24 18:45:00,51.0
130,Vueling,VY,departure,,landed,VLG7824,7824,1,D6,BCN,2019-07-24 17:25:00,58.0,LGW,2019-07-24 18:45:00,51.0
131,American Airlines,AA,departure,British Airways,landed,AAL6293,6293,1,D18,BCN,2019-07-24 18:25:00,1.0,LHR,2019-07-24 19:45:00,0.0
132,Iberia,IB,departure,British Airways,landed,IBE7482,7482,1,D18,BCN,2019-07-24 18:25:00,1.0,LHR,2019-07-24 19:45:00,0.0
133,British Airways,BA,departure,,landed,BAW481,481,1,D18,BCN,2019-07-24 18:25:00,1.0,LHR,2019-07-24 19:45:00,0.0
134,Aeromexico,AM,departure,Air France,landed,AMX6028,6028,1,B48,BCN,2019-07-24 18:05:00,23.0,CDG,2019-07-24 20:00:00,10.0
135,China Southern Airlines,CZ,departure,Air France,landed,CSN7082,7082,1,B48,BCN,2019-07-24 18:05:00,23.0,CDG,2019-07-24 20:00:00,10.0
136,Gol,G3,departure,Air France,landed,GLO5234,5234,1,B48,BCN,2019-07-24 18:05:00,23.0,CDG,2019-07-24 20:00:00,10.0
137,Air Serbia,JU,departure,Air France,landed,ASL7814,7814,1,B48,BCN,2019-07-24 18:05:00,23.0,CDG,2019-07-24 20:00:00,10.0
138,Korean Air,KE,departure,Air France,landed,KAL6342,6342,1,B48,BCN,2019-07-24 18:05:00,23.0,CDG,2019-07-24 20:00:00,10.0
139,Atlasglobal,KK,departure,Air France,landed,KKK7453,7453,1,B48,BCN,2019-07-24 18:05:00,23.0,CDG,2019-07-24 20:00:00,10.0
140,Kenya Airways,KQ,departure,Air France,landed,KQA3163,3163,1,B48,BCN,2019-07-24 18:05:00,23.0,CDG,2019-07-24 20:00:00,10.0
141,Air Mauritius,MK,departure,Air France,landed,MAU9327,9327,1,B48,BCN,2019-07-24 18:05:00,23.0,CDG,2019-07-24 20:00:00,10.0
142,Air Austral,UU,departure,Air France,landed,REU8549,8549,1,B48,BCN,2019-07-24 18:05:00,23.0,CDG,2019-07-24 20:00:00,10.0
143,Air Europa,UX,departure,Air France,landed,AEA2246,2246,1,B48,BCN,2019-07-24 18:05:00,23.0,CDG,2019-07-24 20:00:00,10.0
144,Air France,AF,departure,,landed,AFR1549,1549,1,B48,BCN,2019-07-24 18:05:00,23.0,CDG,2019-07-24 20:00:00,10.0
145,British Airways,BA,departure,Vueling,landed,BAW8099,8099,1,B45,BCN,2019-07-24 18:20:00,9.0,FCO,2019-07-24 20:05:00,0.0
146,Iberia,IB,departure,Vueling,landed,IBE5178,5178,1,B45,BCN,2019-07-24 18:20:00,9.0,FCO,2019-07-24 20:05:00,0.0
147,LATAM Airlines,LA,departure,Vueling,landed,LAN5750,5750,1,B45,BCN,2019-07-24 18:20:00,9.0,FCO,2019-07-24 20:05:00,0.0
148,Vueling,VY,departure,,landed,VLG6106,6106,1,B45,BCN,2019-07-24 18:20:00,9.0,FCO,2019-07-24 20:05:00,0.0
149,easyJet,U2,departure,,landed,EZY8580,8580,2,,BCN,2019-07-24 18:00:00,35.0,LGW,2019-07-24 19:25:00,24.0
150,Iberia,IB,departure,Vueling,landed,IBE5336,5336,1,B44,BCN,2019-07-24 18:30:00,6.0,BRU,2019-07-24 20:45:00,0.0
151,LATAM Airlines,LA,departure,Vueling,landed,LAN5763,5763,1,B44,BCN,2019-07-24 18:30:00,6.0,BRU,2019-07-24 20:45:00,0.0
152,Vueling,VY,departure,,landed,VLG8990,8990,1,B44,BCN,2019-07-24 18:30:00,6.0,BRU,2019-07-24 20:45:00,0.0
153,British Airways,BA,departure,Vueling,landed,BAW8119,8119,1,B25,BCN,2019-07-24 15:50:00,170.0,AMS,2019-07-24 18:15:00,167.0
154,Iberia,IB,departure,Vueling,landed,IBE5304,5304,1,B25,BCN,2019-07-24 15:50:00,170.0,AMS,2019-07-24 18:15:00,167.0
155,LATAM Airlines,LA,departure,Vueling,landed,LAN5756,5756,1,B25,BCN,2019-07-24 15:50:00,170.0,AMS,2019-07-24 18:15:00,167.0
156,Vueling,VY,departure,,landed,VLG8322,8322,1,B25,BCN,2019-07-24 15:50:00,170.0,AMS,2019-07-24 18:15:00,167.0
157,Ryanair,FR,departure,,landed,RYR9815,9815,2,W42,BCN,2019-07-24 18:40:00,2.0,STN,2019-07-24 20:10:00,0.0
158,British Airways,BA,departure,Vueling,landed,BAW8131,8131,1,B68,BCN,2019-07-24 18:20:00,23.0,PRG,2019-07-24 20:50:00,13.0
159,Iberia,IB,departure,Vueling,landed,IBE5240,5240,1,B68,BCN,2019-07-24 18:20:00,23.0,PRG,2019-07-24 20:50:00,13.0
160,Vueling,VY,departure,,landed,VLG8656,8656,1,B68,BCN,2019-07-24 18:20:00,23.0,PRG,2019-07-24 20:50:00,13.0
161,Iberia,IB,departure,,landed,IBE1835,1835,1,A4,BCN,2019-07-24 18:35:00,10.0,MAD,2019-07-24 20:00:00,0.0
162,Iberia,IB,departure,Vueling,landed,IBE5482,5482,1,B61,BCN,2019-07-24 18:40:00,8.0,OLB,2019-07-24 20:05:00,0.0
163,Qatar Airways,QR,departure,Vueling,landed,QTR3692,3692,1,B61,BCN,2019-07-24 18:40:00,8.0,OLB,2019-07-24 20:05:00,0.0
164,Vueling,VY,departure,,landed,VLG6142,6142,1,B61,BCN,2019-07-24 18:40:00,8.0,OLB,2019-07-24 20:05:00,0.0
165,British Airways,BA,departure,Vueling,landed,BAW8105,8105,1,B26,BCN,2019-07-24 15:00:00,0.0,FCO,2019-07-24 16:50:00,0.0
166,Ryanair,FR,departure,,landed,RYR9368,9368,2,S24,BCN,2019-07-24 17:55:00,54.0,BLQ,2019-07-24 19:40:00,54.0
167,Iberia,IB,departure,Vueling,landed,IBE5424,5424,1,B26,BCN,2019-07-24 15:00:00,0.0,FCO,2019-07-24 16:50:00,0.0
168,Vueling,VY,departure,,landed,VLG6114,6114,1,B26,BCN,2019-07-24 15:00:00,0.0,FCO,2019-07-24 16:50:00,0.0
169,S7 Airlines,S7,departure,,landed,SBI892,892,1,,BCN,2019-07-24 15:05:00,1.0,DME,2019-07-24 20:30:00,28.0
170,easyJet,U2,departure,,landed,EZY8574,8574,2,M6,BCN,2019-07-24 15:20:00,0.0,LGW,2019-07-24 16:50:00,0.0
171,Air France,AF,departure,Air Europa,landed,AFR4840,4840,1,B51,BCN,2019-07-24 18:45:00,8.0,PMI,2019-07-24 19:30:00,7.0
172,Iberia,IB,departure,Vueling,landed,IBE5089,5089,1,B44,BCN,2019-07-24 15:15:00,4.0,AGP,2019-07-24 17:00:00,11.0
173,Alitalia,AZ,departure,Air Europa,landed,AZA2416,2416,1,B51,BCN,2019-07-24 18:45:00,8.0,PMI,2019-07-24 19:30:00,7.0
174,Qatar Airways,QR,departure,Vueling,landed,QTR3514,3514,1,B44,BCN,2019-07-24 15:15:00,4.0,AGP,2019-07-24 17:00:00,11.0
175,KLM,KL,departure,Air Europa,landed,KLM3361,3361,1,B51,BCN,2019-07-24 18:45:00,8.0,PMI,2019-07-24 19:30:00,7.0
176,Vueling,VY,departure,,landed,VLG2123,2123,1,B44,BCN,2019-07-24 15:15:00,4.0,AGP,2019-07-24 17:00:00,11.0
177,Aeroflot,SU,departure,Air Europa,landed,AFL3648,3648,1,B51,BCN,2019-07-24 18:45:00,8.0,PMI,2019-07-24 19:30:00,7.0
178,Iberia,IB,departure,Vueling,landed,IBE5036,5036,1,B56,BCN,2019-07-24 15:10:00,12.0,IBZ,2019-07-24 16:10:00,7.0
179,Air Europa,UX,departure,,landed,AEA6073,6073,1,B51,BCN,2019-07-24 18:45:00,8.0,PMI,2019-07-24 19:30:00,7.0
180,Qatar Airways,QR,departure,Vueling,landed,QTR3543,3543,1,B56,BCN,2019-07-24 15:10:00,12.0,IBZ,2019-07-24 16:10:00,7.0
181,Vueling,VY,departure,,landed,VLG3544,3544,1,B56,BCN,2019-07-24 15:10:00,12.0,IBZ,2019-07-24 16:10:00,7.0
182,British Airways,BA,departure,Vueling,landed,BAW8844,8844,1,A20,BCN,2019-07-24 18:40:00,21.0,MXP,2019-07-24 20:20:00,20.0
183,SA AVIANCA,AV,departure,Iberia,landed,AVA6001,6001,1,A2,BCN,2019-07-24 15:15:00,7.0,MAD,2019-07-24 16:40:00,2.0
184,Iberia,IB,departure,Vueling,landed,IBE5742,5742,1,A20,BCN,2019-07-24 18:40:00,21.0,MXP,2019-07-24 20:20:00,20.0
185,Iberia,IB,departure,,landed,IBE1515,1515,1,A2,BCN,2019-07-24 15:15:00,7.0,MAD,2019-07-24 16:40:00,2.0
186,LATAM Airlines,LA,departure,Vueling,landed,LAN5790,5790,1,A20,BCN,2019-07-24 18:40:00,21.0,MXP,2019-07-24 20:20:00,20.0
187,Vueling,VY,departure,,landed,VLG6336,6336,1,A20,BCN,2019-07-24 18:40:00,21.0,MXP,2019-07-24 20:20:00,20.0
188,Ryanair,FR,departure,,landed,RYR8841,8841,2,R14,BCN,2019-07-24 15:15:00,9.0,IBZ,2019-07-24 16:25:00,2.0
189,Etihad Airways,EY,departure,Lufthansa,landed,ETD4167,4167,1,C70,BCN,2019-07-24 18:30:00,33.0,MUC,2019-07-24 20:30:00,36.0
190,Ryanair,FR,departure,,landed,RYR6320,6320,2,S26,BCN,2019-07-24 15:20:00,8.0,VLL,2019-07-24 16:50:00,0.0
191,ANA,NH,departure,Lufthansa,landed,ANA6076,6076,1,C70,BCN,2019-07-24 18:30:00,33.0,MUC,2019-07-24 20:30:00,36.0
192,ANA,NH,departure,Brussels Airlines,landed,ANA5134,5134,1,B32,BCN,2019-07-24 15:20:00,9.0,BRU,2019-07-24 17:25:00,0.0
193,Oman Air,WY,departure,Lufthansa,landed,OMA5515,5515,1,C70,BCN,2019-07-24 18:30:00,33.0,MUC,2019-07-24 20:30:00,36.0
194,Brussels Airlines,SN,departure,,landed,BEL3704,3704,1,B32,BCN,2019-07-24 15:20:00,9.0,BRU,2019-07-24 17:25:00,0.0
195,Lufthansa,LH,departure,,landed,DLH1815,1815,1,C70,BCN,2019-07-24 18:30:00,33.0,MUC,2019-07-24 20:30:00,36.0
196,easyJet,U2,departure,,landed,EZY1771,1771,2,,BCN,2019-07-24 15:00:00,31.0,BOD,2019-07-24 16:15:00,39.0
197,SA AVIANCA,AV,departure,Lufthansa,landed,AVA6514,6514,1,B36,BCN,2019-07-24 18:50:00,25.0,FRA,2019-07-24 21:00:00,3.0
198,Ethiopian Airlines,ET,departure,Lufthansa,landed,ETH1551,1551,1,B36,BCN,2019-07-24 18:50:00,25.0,FRA,2019-07-24 21:00:00,3.0
199,Air France,AF,departure,Air Europa,landed,AFR4844,4844,1,B40,BCN,2019-07-24 15:30:00,4.0,PMI,2019-07-24 16:15:00,0.0
200,Lufthansa,LH,departure,,landed,DLH1133,1133,1,B36,BCN,2019-07-24 18:50:00,25.0,FRA,2019-07-24 21:00:00,3.0
201,Alitalia,AZ,departure,Air Europa,landed,AZA2412,2412,1,B40,BCN,2019-07-24 15:30:00,4.0,PMI,2019-07-24 16:15:00,0.0
202,Ryanair,FR,departure,,landed,RYR6355,6355,2,R11,BCN,2019-07-24 19:15:00,0.0,BVA,2019-07-24 21:15:00,5.0
203,KLM,KL,departure,Air Europa,landed,KLM3357,3357,1,B40,BCN,2019-07-24 15:30:00,4.0,PMI,2019-07-24 16:15:00,0.0
204,Aeroflot,SU,departure,Air Europa,landed,AFL3647,3647,1,B40,BCN,2019-07-24 15:30:00,4.0,PMI,2019-07-24 16:15:00,0.0
205,Air Europa,UX,departure,,landed,AEA6071,6071,1,B40,BCN,2019-07-24 15:30:00,4.0,PMI,2019-07-24 16:15:00,0.0
206,Iberia,IB,departure,Vueling,landed,IBE5101,5101,1,B47,BCN,2019-07-24 15:00:00,35.0,STR,2019-07-24 17:05:00,23.0
207,Vueling,VY,departure,,landed,VLG1866,1866,1,B47,BCN,2019-07-24 15:00:00,35.0,STR,2019-07-24 17:05:00,23.0
208,Aeromexico,AM,departure,Air France,landed,AMX6029,6029,1,B28,BCN,2019-07-24 15:15:00,24.0,CDG,2019-07-24 17:10:00,16.0
209,Gol,G3,departure,Air France,landed,GLO5236,5236,1,B28,BCN,2019-07-24 15:15:00,24.0,CDG,2019-07-24 17:10:00,16.0
210,JAL,JL,departure,Air France,landed,JAL5318,5318,1,B28,BCN,2019-07-24 15:15:00,24.0,CDG,2019-07-24 17:10:00,16.0
211,Air Serbia,JU,departure,Air France,landed,ASL7816,7816,1,B28,BCN,2019-07-24 15:15:00,24.0,CDG,2019-07-24 17:10:00,16.0
212,Atlasglobal,KK,departure,Air France,landed,KKK7454,7454,1,B28,BCN,2019-07-24 15:15:00,24.0,CDG,2019-07-24 17:10:00,16.0
213,Kenya Airways,KQ,departure,Air France,landed,KQA3173,3173,1,B28,BCN,2019-07-24 15:15:00,24.0,CDG,2019-07-24 17:10:00,16.0
214,China Eastern Airlines,MU,departure,Air France,landed,CES4996,4996,1,B28,BCN,2019-07-24 15:15:00,24.0,CDG,2019-07-24 17:10:00,16.0
215,Air Austral,UU,departure,Air France,landed,REU8649,8649,1,B28,BCN,2019-07-24 15:15:00,24.0,CDG,2019-07-24 17:10:00,16.0
216,Air Europa,UX,departure,Air France,landed,AEA2269,2269,1,B28,BCN,2019-07-24 15:15:00,24.0,CDG,2019-07-24 17:10:00,16.0
217,Iberia,IB,departure,Vueling,landed,IBE5728,5728,1,B56,BCN,2019-07-24 19:15:00,15.0,VGO,2019-07-24 21:05:00,0.0
218,Air France,AF,departure,,landed,AFR1649,1649,1,B28,BCN,2019-07-24 15:15:00,24.0,CDG,2019-07-24 17:10:00,16.0
219,Qatar Airways,QR,departure,Vueling,landed,QTR3566,3566,1,B56,BCN,2019-07-24 19:15:00,15.0,VGO,2019-07-24 21:05:00,0.0
220,Iberia,IB,departure,Vueling,landed,IBE5718,5718,1,B33,BCN,2019-07-24 15:30:00,15.0,LCG,2019-07-24 17:15:00,9.0
221,Vueling,VY,departure,,landed,VLG1704,1704,1,B56,BCN,2019-07-24 19:15:00,15.0,VGO,2019-07-24 21:05:00,0.0
222,LATAM Airlines,LA,departure,Vueling,landed,LAN5779,5779,1,B33,BCN,2019-07-24 15:30:00,15.0,LCG,2019-07-24 17:15:00,9.0
223,Qatar Airways,QR,departure,Vueling,landed,QTR3628,3628,1,B33,BCN,2019-07-24 15:30:00,15.0,LCG,2019-07-24 17:15:00,9.0
224,Vueling,VY,departure,,landed,VLG1294,1294,1,B33,BCN,2019-07-24 15:30:00,15.0,LCG,2019-07-24 17:15:00,9.0
225,Aegean Airlines,A3,departure,Lufthansa,landed,AEE1473,1473,1,B68,BCN,2019-07-24 15:45:00,0.0,MUC,2019-07-24 17:45:00,2.0
226,British Airways,BA,departure,Vueling,landed,BAW8831,8831,1,B28,BCN,2019-07-24 19:20:00,13.0,CDG,2019-07-24 21:25:00,0.0
227,SA AVIANCA,AV,departure,Lufthansa,landed,AVA6512,6512,1,B68,BCN,2019-07-24 15:45:00,0.0,MUC,2019-07-24 17:45:00,2.0
228,Iberia,IB,departure,Vueling,landed,IBE5866,5866,1,B28,BCN,2019-07-24 19:20:00,13.0,CDG,2019-07-24 21:25:00,0.0
229,South African Airways,SA,departure,Lufthansa,landed,SAA7833,7833,1,B68,BCN,2019-07-24 15:45:00,0.0,MUC,2019-07-24 17:45:00,2.0
230,Vueling,VY,departure,,landed,VLG8226,8226,1,B28,BCN,2019-07-24 19:20:00,13.0,CDG,2019-07-24 21:25:00,0.0
231,Lufthansa,LH,departure,,landed,DLH1813,1813,1,B68,BCN,2019-07-24 15:45:00,0.0,MUC,2019-07-24 17:45:00,2.0
232,Ryanair,FR,departure,,landed,RYR6985,6985,2,R9,BCN,2019-07-24 19:30:00,5.0,FCO,2019-07-24 21:25:00,0.0
233,Aeroflot,SU,departure,Air Europa,landed,AFL3680,3680,1,B36,BCN,2019-07-24 15:50:00,0.0,PMI,2019-07-24 16:35:00,17.0
234,Air Europa,UX,departure,,landed,AEA6105,6105,1,B36,BCN,2019-07-24 15:50:00,0.0,PMI,2019-07-24 16:35:00,17.0
235,Anisec,V2K,departure,,landed,,1005,1,B51,BCN,2019-07-24 15:55:00,0.0,VIE,2019-07-24 18:20:00,0.0
236,Iberia,IB,departure,Vueling,landed,IBE5032,5032,1,B61,BCN,2019-07-24 15:55:00,1.0,IBZ,2019-07-24 16:55:00,0.0
237,LATAM Airlines,LA,departure,Vueling,landed,LAN5777,5777,1,B61,BCN,2019-07-24 15:55:00,1.0,IBZ,2019-07-24 16:55:00,0.0
238,Qatar Airways,QR,departure,Vueling,landed,QTR3523,3523,1,B61,BCN,2019-07-24 15:55:00,1.0,IBZ,2019-07-24 16:55:00,0.0
239,Vueling,VY,departure,,landed,VLG3526,3526,1,B61,BCN,2019-07-24 15:55:00,1.0,IBZ,2019-07-24 16:55:00,0.0
240,SkyUP Airlines,SQP,departure,,landed,,746,2,Y57,BCN,2019-07-24 15:30:00,27.0,ODS,2019-07-24 20:10:00,20.0
241,Iberia,IB,departure,Vueling,landed,IBE5053,5053,1,B52,BCN,2019-07-24 16:05:00,0.0,MAH,2019-07-24 17:00:00,0.0
242,LATAM Airlines,LA,departure,Vueling,landed,LAN5784,5784,1,B52,BCN,2019-07-24 16:05:00,0.0,MAH,2019-07-24 17:00:00,0.0
243,Qatar Airways,QR,departure,Vueling,landed,QTR3631,3631,1,B52,BCN,2019-07-24 16:05:00,0.0,MAH,2019-07-24 17:00:00,0.0
244,Vueling,VY,departure,,landed,VLG3706,3706,1,B52,BCN,2019-07-24 16:05:00,0.0,MAH,2019-07-24 17:00:00,0.0
245,Iberia,IB,departure,Vueling,landed,IBE5810,5810,1,B55,BCN,2019-07-24 16:00:00,5.0,SDR,2019-07-24 17:20:00,0.0
246,Qatar Airways,QR,departure,Vueling,landed,QTR3648,3648,1,B55,BCN,2019-07-24 16:00:00,5.0,SDR,2019-07-24 17:20:00,0.0
247,Vueling,VY,departure,,landed,VLG1590,1590,1,B55,BCN,2019-07-24 16:00:00,5.0,SDR,2019-07-24 17:20:00,0.0
248,Air Arabia Maroc,3O,departure,,landed,MAC378,378,2,W45,BCN,2019-07-24 15:30:00,36.0,TNG,2019-07-24 16:20:00,0.0
249,British Airways,BA,departure,Vueling,landed,BAW8834,8834,1,B65,BCN,2019-07-24 16:05:00,4.0,CDG,2019-07-24 18:10:00,0.0
250,Iberia,IB,departure,Vueling,landed,IBE5294,5294,1,B65,BCN,2019-07-24 16:05:00,4.0,CDG,2019-07-24 18:10:00,0.0
251,Vueling,VY,departure,,landed,VLG8244,8244,1,B65,BCN,2019-07-24 16:05:00,4.0,CDG,2019-07-24 18:10:00,0.0
252,Ryanair,FR,departure,,landed,RYR6332,6332,2,R13,BCN,2019-07-24 16:15:00,0.0,SCQ,2019-07-24 18:15:00,0.0
253,Ryanair,FR,departure,,landed,RYR3108,3108,2,S25,BCN,2019-07-24 16:10:00,7.0,LUX,2019-07-24 18:15:00,1.0
254,Lufthansa,LH,departure,,landed,DLH1129,1129,1,B24,BCN,2019-07-24 16:00:00,22.0,FRA,2019-07-24 18:10:00,17.0
255,Iberia,IB,departure,Vueling,landed,IBE5042,5042,1,B49,BCN,2019-07-24 15:55:00,33.0,MRS,2019-07-24 17:05:00,38.0
256,LATAM Airlines,LA,departure,Vueling,landed,LAN5788,5788,1,B49,BCN,2019-07-24 15:55:00,33.0,MRS,2019-07-24 17:05:00,38.0
257,Vueling,VY,departure,,landed,VLG1508,1508,1,B49,BCN,2019-07-24 15:55:00,33.0,MRS,2019-07-24 17:05:00,38.0
258,Iberia,IB,departure,Vueling,landed,IBE5416,5416,1,B39,BCN,2019-07-24 16:25:00,4.0,SVQ,2019-07-24 18:05:00,0.0
259,LATAM Airlines,LA,departure,Vueling,landed,LAN5800,5800,1,B39,BCN,2019-07-24 16:25:00,4.0,SVQ,2019-07-24 18:05:00,0.0
260,Qatar Airways,QR,departure,Vueling,landed,QTR3721,3721,1,B39,BCN,2019-07-24 16:25:00,4.0,SVQ,2019-07-24 18:05:00,0.0
261,Vueling,VY,departure,,landed,VLG2226,2226,1,B39,BCN,2019-07-24 16:25:00,4.0,SVQ,2019-07-24 18:05:00,0.0
262,Iberia,IB,departure,Vueling,landed,IBE5933,5933,1,D14,BCN,2019-07-24 16:25:00,7.0,DUB,2019-07-24 18:10:00,0.0
263,Iberia,IB,departure,Vueling,landed,IBE5825,5825,4,J42,MAD,2019-07-24 19:30:00,12.0,IBZ,2019-07-24 20:50:00,0.0
264,Vueling,VY,departure,,landed,VLG3425,3425,4,J42,MAD,2019-07-24 19:30:00,12.0,IBZ,2019-07-24 20:50:00,0.0
265,JAL,JL,departure,Iberia,landed,JAL6957,6957,4,K69,MAD,2019-07-24 19:35:00,9.0,LIS,2019-07-24 20:00:00,0.0
266,LATAM Airlines,LA,departure,Iberia,landed,LAN7149,7149,4,K69,MAD,2019-07-24 19:35:00,9.0,LIS,2019-07-24 20:00:00,0.0
267,Qatar Airways,QR,departure,Iberia,landed,QTR6875,6875,4,K69,MAD,2019-07-24 19:35:00,9.0,LIS,2019-07-24 20:00:00,0.0
268,Iberia,IB,departure,,landed,IBE3106,3106,4,K69,MAD,2019-07-24 19:35:00,9.0,LIS,2019-07-24 20:00:00,0.0
269,British Airways,BA,departure,Iberia,landed,BAW7112,7112,4,H18,MAD,2019-07-24 19:40:00,4.0,OPO,2019-07-24 19:55:00,0.0
270,JAL,JL,departure,Iberia,landed,JAL6983,6983,4,H18,MAD,2019-07-24 19:40:00,4.0,OPO,2019-07-24 19:55:00,0.0
271,Qatar Airways,QR,departure,Iberia,landed,QTR6901,6901,4,H18,MAD,2019-07-24 19:40:00,4.0,OPO,2019-07-24 19:55:00,0.0
272,Iberia,IB,departure,,landed,IBE3096,3096,4,H18,MAD,2019-07-24 19:40:00,4.0,OPO,2019-07-24 19:55:00,0.0
273,Ryanair,FR,departure,,landed,RYR3056,3056,1,C38,MAD,2019-07-24 19:05:00,42.0,MAH,2019-07-24 20:40:00,28.0
274,SA AVIANCA,AV,departure,Iberia,landed,AVA6035,6035,4,,MAD,2019-07-24 19:45:00,2.0,LCG,2019-07-24 21:00:00,0.0
275,British Airways,BA,departure,Iberia,landed,BAW7108,7108,4,,MAD,2019-07-24 19:45:00,2.0,LCG,2019-07-24 21:00:00,0.0
276,LATAM Airlines,LA,departure,Iberia,landed,LAN7051,7051,4,,MAD,2019-07-24 19:45:00,2.0,LCG,2019-07-24 21:00:00,0.0
277,Qatar Airways,QR,departure,Iberia,landed,QTR6966,6966,4,,MAD,2019-07-24 19:45:00,2.0,LCG,2019-07-24 21:00:00,0.0
278,Iberia,IB,departure,,landed,IBE522,522,4,,MAD,2019-07-24 19:45:00,2.0,LCG,2019-07-24 21:00:00,0.0
279,Aeromexico,AM,departure,Air Europa,landed,AMX6838,6838,2,E81,MAD,2019-07-24 19:30:00,18.0,BIO,2019-07-24 20:35:00,13.0
280,Aerolineas Argentinas,AR,departure,Air Europa,landed,ARG7346,7346,2,E81,MAD,2019-07-24 19:30:00,18.0,BIO,2019-07-24 20:35:00,13.0
281,Alitalia,AZ,departure,Air Europa,landed,AZA2466,2466,2,E81,MAD,2019-07-24 19:30:00,18.0,BIO,2019-07-24 20:35:00,13.0
282,KLM,KL,departure,Air Europa,landed,KLM3323,3323,2,E81,MAD,2019-07-24 19:30:00,18.0,BIO,2019-07-24 20:35:00,13.0
283,Air Europa,UX,departure,,landed,AEA7159,7159,2,E81,MAD,2019-07-24 19:30:00,18.0,BIO,2019-07-24 20:35:00,13.0
284,American Airlines,AA,departure,Air Nostrum,landed,AAL8629,8629,4,K80,MAD,2019-07-24 19:45:00,6.0,BIO,2019-07-24 20:45:00,0.0
285,Iberia,IB,departure,Air Nostrum,landed,IBE8580,8580,4,K80,MAD,2019-07-24 19:45:00,6.0,BIO,2019-07-24 20:45:00,0.0
286,Air Nostrum,YW,departure,,landed,ANE8580,8580,4,K80,MAD,2019-07-24 19:45:00,6.0,BIO,2019-07-24 20:45:00,0.0
287,SA AVIANCA,AV,departure,Iberia Express,landed,AVA6128,6128,4,,MAD,2019-07-24 19:50:00,2.0,SCQ,2019-07-24 21:00:00,10.0
288,British Airways,BA,departure,Iberia Express,landed,BAW7134,7134,4,,MAD,2019-07-24 19:50:00,2.0,SCQ,2019-07-24 21:00:00,10.0
289,Iberia,IB,departure,Iberia Express,landed,IBE3880,3880,4,,MAD,2019-07-24 19:50:00,2.0,SCQ,2019-07-24 21:00:00,10.0
290,JAL,JL,departure,Iberia Express,landed,JAL6973,6973,4,,MAD,2019-07-24 19:50:00,2.0,SCQ,2019-07-24 21:00:00,10.0
291,LATAM Airlines,LA,departure,Iberia Express,landed,LAN7048,7048,4,,MAD,2019-07-24 19:50:00,2.0,SCQ,2019-07-24 21:00:00,10.0
292,Iberia Express,I2,departure,,landed,IBS3880,3880,4,,MAD,2019-07-24 19:50:00,2.0,SCQ,2019-07-24 21:00:00,10.0
293,SA AVIANCA,AV,departure,Iberia,landed,AVA6052,6052,4,,MAD,2019-07-24 19:55:00,4.0,OVD,2019-07-24 21:05:00,2.0
294,British Airways,BA,departure,Iberia,landed,BAW7184,7184,4,,MAD,2019-07-24 19:55:00,4.0,OVD,2019-07-24 21:05:00,2.0
295,LATAM Airlines,LA,departure,Iberia,landed,LAN7050,7050,4,,MAD,2019-07-24 19:55:00,4.0,OVD,2019-07-24 21:05:00,2.0
296,Qatar Airways,QR,departure,Iberia,landed,QTR6575,6575,4,,MAD,2019-07-24 19:55:00,4.0,OVD,2019-07-24 21:05:00,2.0
297,Iberia,IB,departure,,landed,IBE480,480,4,,MAD,2019-07-24 19:55:00,4.0,OVD,2019-07-24 21:05:00,2.0
298,JAL,JL,departure,Iberia,landed,JAL6941,6941,4,J56,MAD,2019-07-24 20:00:00,4.0,BCN,2019-07-24 21:20:00,0.0
299,Iberia,IB,departure,,landed,IBE2000,2000,4,J56,MAD,2019-07-24 20:00:00,4.0,BCN,2019-07-24 21:20:00,0.0
300,American Airlines,AA,departure,Air Nostrum,landed,AAL8622,8622,4,K93,MAD,2019-07-24 20:00:00,5.0,AGP,2019-07-24 21:10:00,0.0
301,SA AVIANCA,AV,departure,Air Nostrum,landed,AVA6102,6102,4,K93,MAD,2019-07-24 20:00:00,5.0,AGP,2019-07-24 21:10:00,0.0
302,Qatar Airways,QR,departure,Air Nostrum,landed,QTR6868,6868,4,K93,MAD,2019-07-24 20:00:00,5.0,AGP,2019-07-24 21:10:00,0.0
303,Iberia,IB,departure,Air Nostrum,landed,IBE8820,8820,4,K93,MAD,2019-07-24 20:00:00,5.0,AGP,2019-07-24 21:10:00,0.0
304,Air Nostrum,YW,departure,,landed,ANE8820,8820,4,K93,MAD,2019-07-24 20:00:00,5.0,AGP,2019-07-24 21:10:00,0.0
305,American Airlines,AA,departure,Air Nostrum,landed,AAL8583,8583,4,K72,MAD,2019-07-24 20:15:00,1.0,ALC,2019-07-24 21:20:00,0.0
306,British Airways,BA,departure,Air Nostrum,landed,BAW7124,7124,4,K72,MAD,2019-07-24 20:15:00,1.0,ALC,2019-07-24 21:20:00,0.0
307,Qatar Airways,QR,departure,Air Nostrum,landed,QTR6881,6881,4,K72,MAD,2019-07-24 20:15:00,1.0,ALC,2019-07-24 21:20:00,0.0
308,Iberia,IB,departure,Air Nostrum,landed,IBE8396,8396,4,K72,MAD,2019-07-24 20:15:00,1.0,ALC,2019-07-24 21:20:00,0.0
309,Air Nostrum,YW,departure,,landed,ANE8396,8396,4,K72,MAD,2019-07-24 20:15:00,1.0,ALC,2019-07-24 21:20:00,0.0
310,American Airlines,AA,departure,Air Nostrum,landed,AAL8601,8601,4,K64,MAD,2019-07-24 16:40:00,0.0,LYS,2019-07-24 18:25:00,4.0
311,Iberia,IB,departure,Air Nostrum,landed,IBE8710,8710,4,K64,MAD,2019-07-24 16:40:00,0.0,LYS,2019-07-24 18:25:00,4.0
312,Alitalia,AZ,departure,Air Europa,landed,AZA2460,2460,2,E80,MAD,2019-07-24 18:50:00,15.0,VGO,2019-07-24 20:00:00,10.0
313,Air Nostrum,YW,departure,,landed,ANE8710,8710,4,K64,MAD,2019-07-24 16:40:00,0.0,LYS,2019-07-24 18:25:00,4.0
314,American Airlines,AA,departure,Iberia,landed,AAL8754,8754,4S,M40,MAD,2019-07-24 15:50:00,51.0,MXP,2019-07-24 18:05:00,39.0
315,LATAM Airlines,LA,departure,Iberia,landed,LAN7110,7110,4S,M40,MAD,2019-07-24 15:50:00,51.0,MXP,2019-07-24 18:05:00,39.0
316,BoA,OB,departure,Iberia,landed,BOV5214,5214,4S,M40,MAD,2019-07-24 15:50:00,51.0,MXP,2019-07-24 18:05:00,39.0
317,KLM,KL,departure,Air Europa,landed,KLM3343,3343,2,E80,MAD,2019-07-24 18:50:00,15.0,VGO,2019-07-24 20:00:00,10.0
318,Iberia,IB,departure,,landed,IBE3254,3254,4S,M40,MAD,2019-07-24 15:50:00,51.0,MXP,2019-07-24 18:05:00,39.0
319,Iberia,IB,departure,,landed,IBE3334,3334,4,J58,MAD,2019-07-24 17:25:00,8.0,FLR,2019-07-24 19:45:00,2.0
320,Air Europa,UX,departure,,landed,AEA7306,7306,2,E80,MAD,2019-07-24 18:50:00,15.0,VGO,2019-07-24 20:00:00,10.0
321,easyJet,U2,departure,,landed,EZY8278,8278,1,A14,MAD,2019-07-24 16:35:00,11.0,LGW,2019-07-24 18:00:00,11.0
322,China Southern Airlines,CZ,departure,Air France,landed,CSN7463,7463,2,E75,MAD,2019-07-24 17:40:00,0.0,CDG,2019-07-24 19:45:00,0.0
323,Ryanair,FR,departure,,landed,RYR5432,5432,1,C42,MAD,2019-07-24 19:00:00,5.0,PMI,2019-07-24 20:30:00,0.0
324,Gol,G3,departure,Air France,landed,GLO5261,5261,2,E75,MAD,2019-07-24 17:40:00,0.0,CDG,2019-07-24 19:45:00,0.0
325,Korean Air,KE,departure,Air France,landed,KAL6378,6378,2,E75,MAD,2019-07-24 17:40:00,0.0,CDG,2019-07-24 19:45:00,0.0
326,American Airlines,AA,departure,Air Nostrum,landed,AAL8529,8529,4,K72,MAD,2019-07-24 16:10:00,40.0,EAS,2019-07-24 17:30:00,29.0
327,Kenya Airways,KQ,departure,Air France,landed,KQA3185,3185,2,E75,MAD,2019-07-24 17:40:00,0.0,CDG,2019-07-24 19:45:00,0.0
328,Air Mauritius,MK,departure,Air France,landed,MAU9561,9561,2,E75,MAD,2019-07-24 17:40:00,0.0,CDG,2019-07-24 19:45:00,0.0
329,Qatar Airways,QR,departure,Air Nostrum,landed,QTR6577,6577,4,K72,MAD,2019-07-24 16:10:00,40.0,EAS,2019-07-24 17:30:00,29.0
330,Iberia,IB,departure,Air Nostrum,landed,IBE8318,8318,4,K72,MAD,2019-07-24 16:10:00,40.0,EAS,2019-07-24 17:30:00,29.0
331,Air Austral,UU,departure,Air France,landed,REU8801,8801,2,E75,MAD,2019-07-24 17:40:00,0.0,CDG,2019-07-24 19:45:00,0.0
332,Air Nostrum,YW,departure,,landed,ANE8318,8318,4,K72,MAD,2019-07-24 16:10:00,40.0,EAS,2019-07-24 17:30:00,29.0
333,Iberia,IB,departure,Vueling,landed,IBE5358,5358,4,J48,MAD,2019-07-24 19:00:00,27.0,BCN,2019-07-24 20:20:00,19.0
334,Air Europa,UX,departure,Air France,landed,AEA2234,2234,2,E75,MAD,2019-07-24 17:40:00,0.0,CDG,2019-07-24 19:45:00,0.0
335,Vueling,VY,departure,,landed,VLG1900,1900,4,J48,MAD,2019-07-24 19:00:00,27.0,BCN,2019-07-24 20:20:00,19.0
336,American Airlines,AA,departure,Air Nostrum,landed,AAL8522,8522,4,K92,MAD,2019-07-24 16:50:00,2.0,LEI,2019-07-24 18:00:00,0.0
337,Air France,AF,departure,,landed,AFR1801,1801,2,E75,MAD,2019-07-24 17:40:00,0.0,CDG,2019-07-24 19:45:00,0.0
338,British Airways,BA,departure,Air Nostrum,landed,BAW7196,7196,4,K92,MAD,2019-07-24 16:50:00,2.0,LEI,2019-07-24 18:00:00,0.0
339,SA AVIANCA,AV,departure,Iberia Express,landed,AVA6082,6082,4,,MAD,2019-07-24 19:25:00,2.0,PMI,2019-07-24 20:45:00,7.0
340,British Airways,BA,departure,Iberia Express,landed,BAW7160,7160,4,,MAD,2019-07-24 19:25:00,2.0,PMI,2019-07-24 20:45:00,7.0
341,Qatar Airways,QR,departure,Air Nostrum,landed,QTR6936,6936,4,K92,MAD,2019-07-24 16:50:00,2.0,LEI,2019-07-24 18:00:00,0.0
342,Iberia,IB,departure,Iberia Express,landed,IBE3920,3920,4,,MAD,2019-07-24 19:25:00,2.0,PMI,2019-07-24 20:45:00,7.0
343,LATAM Airlines,LA,departure,Iberia Express,landed,LAN5446,5446,4,,MAD,2019-07-24 19:25:00,2.0,PMI,2019-07-24 20:45:00,7.0
344,Qatar Airways,QR,departure,Iberia Express,landed,QTR6998,6998,4,,MAD,2019-07-24 19:25:00,2.0,PMI,2019-07-24 20:45:00,7.0
345,Iberia Express,I2,departure,,landed,IBS3920,3920,4,,MAD,2019-07-24 19:25:00,2.0,PMI,2019-07-24 20:45:00,7.0
346,Iberia,IB,departure,Air Nostrum,landed,IBE8592,8592,4,K92,MAD,2019-07-24 16:50:00,2.0,LEI,2019-07-24 18:00:00,0.0
347,Iberia,IB,departure,Royal Air Maroc,landed,IBE1970,1970,4S,S34,MAD,2019-07-24 19:30:00,0.0,CMN,2019-07-24 20:20:00,0.0
348,Air Nostrum,YW,departure,,landed,ANE8592,8592,4,K92,MAD,2019-07-24 16:50:00,2.0,LEI,2019-07-24 18:00:00,0.0
349,easyJet,U2,departure,,landed,EZY2204,2204,1,A4,MAD,2019-07-24 17:30:00,10.0,LTN,2019-07-24 19:00:00,2.0
350,Royal Air Maroc,AT,departure,,landed,RAM971,971,4S,S34,MAD,2019-07-24 19:30:00,0.0,CMN,2019-07-24 20:20:00,0.0
351,American Airlines,AA,departure,Iberia Express,landed,AAL8766,8766,4,,MAD,2019-07-24 18:00:00,0.0,ACE,2019-07-24 19:35:00,0.0
352,Iberia,IB,departure,Iberia Express,landed,IBE3812,3812,4,,MAD,2019-07-24 19:30:00,0.0,IBZ,2019-07-24 20:40:00,0.0
353,Iberia,IB,departure,Iberia Express,landed,IBE3854,3854,4,,MAD,2019-07-24 18:00:00,0.0,ACE,2019-07-24 19:35:00,0.0
354,Iberia Express,I2,departure,,landed,IBS3812,3812,4,,MAD,2019-07-24 19:30:00,0.0,IBZ,2019-07-24 20:40:00,0.0
355,Iberia Express,I2,departure,,landed,IBS3854,3854,4,,MAD,2019-07-24 18:00:00,0.0,ACE,2019-07-24 19:35:00,0.0
356,Ryanair,FR,departure,,landed,RYR5382,5382,2,D56,MAD,2019-07-24 18:00:00,0.0,MLA,2019-07-24 20:40:00,0.0
357,American Airlines,AA,departure,Air Nostrum,landed,AAL8519,8519,4,K95,MAD,2019-07-24 19:35:00,0.0,SVQ,2019-07-24 20:40:00,0.0
358,Iberia,IB,departure,,landed,IBE1800,1800,4,J46,MAD,2019-07-24 18:00:00,0.0,BCN,2019-07-24 19:15:00,0.0
359,American Airlines,AA,departure,Air Nostrum,landed,AAL8628,8628,4,K93,MAD,2019-07-24 16:50:00,3.0,MRS,2019-07-24 18:30:00,10.0
360,Qatar Airways,QR,departure,Air Nostrum,landed,QTR6531,6531,4,K95,MAD,2019-07-24 19:35:00,0.0,SVQ,2019-07-24 20:40:00,0.0
361,Iberia,IB,departure,Air Nostrum,landed,IBE8518,8518,4,K95,MAD,2019-07-24 19:35:00,0.0,SVQ,2019-07-24 20:40:00,0.0
362,Iberia,IB,departure,Air Nostrum,landed,IBE8916,8916,4,K93,MAD,2019-07-24 16:50:00,3.0,MRS,2019-07-24 18:30:00,10.0
363,Ryanair,FR,departure,,landed,RYR9966,9966,2,C49,MAD,2019-07-24 18:10:00,0.0,PMO,2019-07-24 20:45:00,0.0
364,Air Nostrum,YW,departure,,landed,ANE8518,8518,4,K95,MAD,2019-07-24 19:35:00,0.0,SVQ,2019-07-24 20:40:00,0.0
365,Air Nostrum,YW,departure,,landed,ANE8916,8916,4,K93,MAD,2019-07-24 16:50:00,3.0,MRS,2019-07-24 18:30:00,10.0
366,Iberia,IB,departure,Air Nostrum,landed,IBE8552,8552,4,K94,MAD,2019-07-24 19:35:00,0.0,BOD,2019-07-24 20:55:00,0.0
367,Air Nostrum,YW,departure,,landed,ANE8552,8552,4,K94,MAD,2019-07-24 19:35:00,0.0,BOD,2019-07-24 20:55:00,0.0
368,British Airways,BA,departure,Air Nostrum,landed,BAW7228,7228,4,K89,MAD,2019-07-24 19:35:00,1.0,PNA,2019-07-24 20:35:00,0.0
369,Qatar Airways,QR,departure,Air Nostrum,landed,QTR5079,5079,4,K89,MAD,2019-07-24 19:35:00,1.0,PNA,2019-07-24 20:35:00,0.0
370,American Airlines,AA,departure,Iberia Express,landed,AAL8780,8780,4,,MAD,2019-07-24 16:50:00,3.0,TFN,2019-07-24 18:40:00,5.0
371,Iberia,IB,departure,Iberia Express,landed,IBE3740,3740,4,,MAD,2019-07-24 17:55:00,14.0,CDG,2019-07-24 19:55:00,11.0
372,Iberia,IB,departure,Air Nostrum,landed,IBE8532,8532,4,K89,MAD,2019-07-24 19:35:00,1.0,PNA,2019-07-24 20:35:00,0.0
373,Air Nostrum,YW,departure,,landed,ANE8532,8532,4,K89,MAD,2019-07-24 19:35:00,1.0,PNA,2019-07-24 20:35:00,0.0
374,SA AVIANCA,AV,departure,Iberia Express,landed,AVA6132,6132,4,,MAD,2019-07-24 16:50:00,3.0,TFN,2019-07-24 18:40:00,5.0
375,Ryanair,FR,departure,,landed,RYR5484,5484,2,C45,MAD,2019-07-24 19:40:00,0.0,OPO,2019-07-24 20:00:00,9.0
376,LATAM Airlines,LA,departure,Iberia Express,landed,LAN7044,7044,4,,MAD,2019-07-24 17:55:00,14.0,CDG,2019-07-24 19:55:00,11.0
377,SA AVIANCA,AV,departure,Iberia,landed,AVA6061,6061,4,,MAD,2019-07-24 19:40:00,0.0,VGO,2019-07-24 20:55:00,0.0
378,British Airways,BA,departure,Iberia,landed,BAW7210,7210,4,,MAD,2019-07-24 19:40:00,0.0,VGO,2019-07-24 20:55:00,0.0
379,British Airways,BA,departure,Iberia Express,landed,BAW7094,7094,4,,MAD,2019-07-24 16:50:00,3.0,TFN,2019-07-24 18:40:00,5.0
380,Iberia Express,I2,departure,,landed,IBS3740,3740,4,,MAD,2019-07-24 17:55:00,14.0,CDG,2019-07-24 19:55:00,11.0
381,JAL,JL,departure,Iberia,landed,JAL6965,6965,4,,MAD,2019-07-24 19:40:00,0.0,VGO,2019-07-24 20:55:00,0.0
382,LATAM Airlines,LA,departure,Iberia,landed,LAN7052,7052,4,,MAD,2019-07-24 19:40:00,0.0,VGO,2019-07-24 20:55:00,0.0
383,Iberia,IB,departure,Iberia Express,landed,IBE3944,3944,4,,MAD,2019-07-24 16:50:00,3.0,TFN,2019-07-24 18:40:00,5.0
384,Qatar Airways,QR,departure,Air Nostrum,landed,QTR6549,6549,4,K72,MAD,2019-07-24 18:15:00,0.0,BJZ,2019-07-24 19:20:00,0.0
385,Qatar Airways,QR,departure,Iberia,landed,QTR6984,6984,4,,MAD,2019-07-24 19:40:00,0.0,VGO,2019-07-24 20:55:00,0.0
386,Iberia,IB,departure,,landed,IBE538,538,4,,MAD,2019-07-24 19:40:00,0.0,VGO,2019-07-24 20:55:00,0.0
387,Iberia,IB,departure,Air Nostrum,landed,IBE8338,8338,4,K72,MAD,2019-07-24 18:15:00,0.0,BJZ,2019-07-24 19:20:00,0.0
388,SA AVIANCA,AV,departure,Air Nostrum,landed,AVA6104,6104,4,K98,MAD,2019-07-24 19:35:00,4.0,VLC,2019-07-24 20:35:00,0.0
389,Qatar Airways,QR,departure,Air Nostrum,landed,QTR6904,6904,4,K98,MAD,2019-07-24 19:35:00,4.0,VLC,2019-07-24 20:35:00,0.0
390,LATAM Airlines,LA,departure,Iberia Express,landed,LAN7049,7049,4,,MAD,2019-07-24 16:50:00,3.0,TFN,2019-07-24 18:40:00,5.0
391,Air Nostrum,YW,departure,,landed,ANE8338,8338,4,K72,MAD,2019-07-24 18:15:00,0.0,BJZ,2019-07-24 19:20:00,0.0
392,Iberia,IB,departure,Air Nostrum,landed,IBE8980,8980,4,K98,MAD,2019-07-24 19:35:00,4.0,VLC,2019-07-24 20:35:00,0.0
393,Air Nostrum,YW,departure,,landed,ANE8980,8980,4,K98,MAD,2019-07-24 19:35:00,4.0,VLC,2019-07-24 20:35:00,0.0
394,Iberia Express,I2,departure,,landed,IBS3944,3944,4,,MAD,2019-07-24 16:50:00,3.0,TFN,2019-07-24 18:40:00,5.0
395,easyJet,U2,departure,,landed,EZY7614,7614,1,,MAD,2019-07-24 18:00:00,20.0,LIS,2019-07-24 18:20:00,20.0
396,American Airlines,AA,departure,Air Nostrum,landed,AAL8504,8504,4S,M33,MAD,2019-07-24 16:40:00,15.0,NTE,2019-07-24 18:20:00,12.0
397,Iberia,IB,departure,Iberia Express,landed,IBE3820,3820,4,J42,MAD,2019-07-24 18:20:00,0.0,LPA,2019-07-24 20:10:00,0.0
398,Iberia Express,I2,departure,,landed,IBS3820,3820,4,J42,MAD,2019-07-24 18:20:00,0.0,LPA,2019-07-24 20:10:00,0.0
399,Iberia,IB,departure,Air Nostrum,landed,IBE8546,8546,4S,M33,MAD,2019-07-24 16:40:00,15.0,NTE,2019-07-24 18:20:00,12.0
400,easyJet,U2,departure,,landed,EZY2708,2708,1,,MAD,2019-07-24 17:20:00,62.0,MXP,2019-07-24 19:25:00,69.0
401,Air Nostrum,YW,departure,,landed,ANE8546,8546,4S,M33,MAD,2019-07-24 16:40:00,15.0,NTE,2019-07-24 18:20:00,12.0
402,Flybe,BE,departure,Air France,landed,BEE4105,4105,2,E74,MAD,2019-07-24 16:40:00,16.0,CDG,2019-07-24 18:50:00,15.0
403,Gol,G3,departure,Air France,landed,GLO5214,5214,2,E74,MAD,2019-07-24 16:40:00,16.0,CDG,2019-07-24 18:50:00,15.0
404,Kenya Airways,KQ,departure,Air France,landed,KQA3169,3169,2,E74,MAD,2019-07-24 16:40:00,16.0,CDG,2019-07-24 18:50:00,15.0
405,China Eastern Airlines,MU,departure,Air France,landed,CES4994,4994,2,E74,MAD,2019-07-24 16:40:00,16.0,CDG,2019-07-24 18:50:00,15.0
406,British Airways,BA,departure,Iberia,landed,BAW7200,7200,4,K93,MAD,2019-07-24 18:25:00,0.0,MLN,2019-07-24 20:15:00,0.0
407,Qatar Airways,QR,departure,Iberia,landed,QTR6570,6570,4,K93,MAD,2019-07-24 18:25:00,0.0,MLN,2019-07-24 20:15:00,0.0
408,Singapore Airlines,SQ,departure,Air France,landed,SIA1867,1867,2,E74,MAD,2019-07-24 16:40:00,16.0,CDG,2019-07-24 18:50:00,15.0
409,Iberia,IB,departure,,landed,IBE8790,8790,4,K93,MAD,2019-07-24 18:25:00,0.0,MLN,2019-07-24 20:15:00,0.0
410,Air Austral,UU,departure,Air France,landed,REU8601,8601,2,E74,MAD,2019-07-24 16:40:00,16.0,CDG,2019-07-24 18:50:00,15.0
411,American Airlines,AA,departure,British Airways,landed,AAL6281,6281,4S,S21,MAD,2019-07-24 18:15:00,12.0,LHR,2019-07-24 19:40:00,11.0
412,Air Europa,UX,departure,Air France,landed,AEA2231,2231,2,E74,MAD,2019-07-24 16:40:00,16.0,CDG,2019-07-24 18:50:00,15.0
413,Iberia,IB,departure,British Airways,landed,IBE7463,7463,4S,S21,MAD,2019-07-24 18:15:00,12.0,LHR,2019-07-24 19:40:00,11.0
414,Air France,AF,departure,,landed,AFR1601,1601,2,E74,MAD,2019-07-24 16:40:00,16.0,CDG,2019-07-24 18:50:00,15.0
415,LATAM Airlines,LA,departure,British Airways,landed,LAN5481,5481,4S,S21,MAD,2019-07-24 18:15:00,12.0,LHR,2019-07-24 19:40:00,11.0
416,Aegean Airlines,A3,departure,Portugalia Airlines,landed,AEE1711,1711,2,D64,MAD,2019-07-24 16:40:00,17.0,OPO,2019-07-24 16:55:00,7.0
417,British Airways,BA,departure,,landed,BAW461,461,4S,S21,MAD,2019-07-24 18:15:00,12.0,LHR,2019-07-24 19:40:00,11.0
418,British Airways,BA,departure,Iberia Express,landed,BAW7288,7288,4,,MAD,2019-07-24 18:30:00,0.0,LGW,2019-07-24 19:50:00,1.0
419,El Al,LY,departure,Portugalia Airlines,landed,ELY9065,9065,2,D64,MAD,2019-07-24 16:40:00,17.0,OPO,2019-07-24 16:55:00,7.0
420,Iberia,IB,departure,Iberia Express,landed,IBE3718,3718,4,,MAD,2019-07-24 18:30:00,0.0,LGW,2019-07-24 19:50:00,1.0
421,Azores Airlines,S4,departure,Portugalia Airlines,landed,RZO8757,8757,2,D64,MAD,2019-07-24 16:40:00,17.0,OPO,2019-07-24 16:55:00,7.0
422,LATAM Airlines,LA,departure,Iberia Express,landed,LAN5474,5474,4,,MAD,2019-07-24 18:30:00,0.0,LGW,2019-07-24 19:50:00,1.0
423,Iberia Express,I2,departure,,landed,IBS3718,3718,4,,MAD,2019-07-24 18:30:00,0.0,LGW,2019-07-24 19:50:00,1.0
424,TAP Portugal,TP,departure,Portugalia Airlines,landed,TAP1011,1011,2,D64,MAD,2019-07-24 16:40:00,17.0,OPO,2019-07-24 16:55:00,7.0
425,Aegean Airlines,A3,departure,TAP Portugal,landed,AEE1729,1729,2,D66,MAD,2019-07-24 17:05:00,87.0,LIS,2019-07-24 17:25:00,82.0
426,Portugalia Airlines,NI,departure,,landed,PGA1011,1011,2,D64,MAD,2019-07-24 16:40:00,17.0,OPO,2019-07-24 16:55:00,7.0
427,American Airlines,AA,departure,Iberia,landed,AAL8865,8865,4S,M39,MAD,2019-07-24 16:45:00,12.0,LPA,2019-07-24 18:45:00,0.0
428,Azul,AD,departure,TAP Portugal,landed,AZU7337,7337,2,D66,MAD,2019-07-24 17:05:00,87.0,LIS,2019-07-24 17:25:00,82.0
429,Beijing Capital Airlines,JD,departure,TAP Portugal,landed,CBJ5411,5411,2,D66,MAD,2019-07-24 17:05:00,87.0,LIS,2019-07-24 17:25:00,82.0
430,SA AVIANCA,AV,departure,Iberia,landed,AVA6039,6039,4S,M39,MAD,2019-07-24 16:45:00,12.0,LPA,2019-07-24 18:45:00,0.0
431,EgyptAir,MS,departure,TAP Portugal,landed,MSR9421,9421,2,D66,MAD,2019-07-24 17:05:00,87.0,LIS,2019-07-24 17:25:00,82.0
432,Azores Airlines,S4,departure,TAP Portugal,landed,RZO8699,8699,2,D66,MAD,2019-07-24 17:05:00,87.0,LIS,2019-07-24 17:25:00,82.0
433,British Airways,BA,departure,Iberia,landed,BAW7144,7144,4S,M39,MAD,2019-07-24 16:45:00,12.0,LPA,2019-07-24 18:45:00,0.0
434,TAP Portugal,TP,departure,,landed,TAP1027,1027,2,D66,MAD,2019-07-24 17:05:00,87.0,LIS,2019-07-24 17:25:00,82.0
435,Air France,AF,departure,Air Europa,landed,AFR4795,4795,2,D60,MAD,2019-07-24 17:20:00,72.0,ORY,2019-07-24 19:15:00,70.0
436,Aeromexico,AM,departure,Air Europa,landed,AMX6936,6936,2,D60,MAD,2019-07-24 17:20:00,72.0,ORY,2019-07-24 19:15:00,70.0
437,LATAM Airlines,LA,departure,Iberia,landed,LAN7045,7045,4S,M39,MAD,2019-07-24 16:45:00,12.0,LPA,2019-07-24 18:45:00,0.0
438,Air Europa,UX,departure,,landed,AEA1025,1025,2,D60,MAD,2019-07-24 17:20:00,72.0,ORY,2019-07-24 19:15:00,70.0
439,Qatar Airways,QR,departure,Iberia,landed,QTR6857,6857,4S,M39,MAD,2019-07-24 16:45:00,12.0,LPA,2019-07-24 18:45:00,0.0
440,Iberia,IB,departure,,landed,IBE3182,3182,4S,M39,MAD,2019-07-24 16:45:00,12.0,LPA,2019-07-24 18:45:00,0.0
441,Iberia,IB,departure,,landed,IBE3234,3234,4,K68,MAD,2019-07-24 17:00:00,0.0,FCO,2019-07-24 19:25:00,2.0
442,American Airlines,AA,departure,Air Nostrum,landed,AAL8592,8592,4S,S26,MAD,2019-07-24 16:25:00,35.0,CMN,2019-07-24 17:15:00,40.0
443,Royal Air Maroc,AT,departure,Air Nostrum,landed,RAM9972,9972,4S,S26,MAD,2019-07-24 16:25:00,35.0,CMN,2019-07-24 17:15:00,40.0
444,British Airways,BA,departure,Air Nostrum,landed,BAW7268,7268,4S,S26,MAD,2019-07-24 16:25:00,35.0,CMN,2019-07-24 17:15:00,40.0
445,Iberia,IB,departure,Air Nostrum,landed,IBE8192,8192,4S,S26,MAD,2019-07-24 16:25:00,35.0,CMN,2019-07-24 17:15:00,40.0
446,Air Nostrum,YW,departure,,landed,ANE8192,8192,4S,S26,MAD,2019-07-24 16:25:00,35.0,CMN,2019-07-24 17:15:00,40.0
447,American Airlines,AA,departure,Iberia,landed,AAL8686,8686,4,H7,MAD,2019-07-24 17:00:00,0.0,LHR,2019-07-24 18:25:00,0.0
448,Aeromexico,AM,departure,Air Europa,landed,AMX6961,6961,2,E74,MAD,2019-07-24 18:40:00,0.0,LCG,2019-07-24 19:55:00,20.0
449,British Airways,BA,departure,Iberia,landed,BAW7050,7050,4,H7,MAD,2019-07-24 17:00:00,0.0,LHR,2019-07-24 18:25:00,0.0
450,LATAM Airlines,LA,departure,Iberia,landed,LAN5448,5448,4,H7,MAD,2019-07-24 17:00:00,0.0,LHR,2019-07-24 18:25:00,0.0
451,Aerolineas Argentinas,AR,departure,Air Europa,landed,ARG7348,7348,2,E74,MAD,2019-07-24 18:40:00,0.0,LCG,2019-07-24 19:55:00,20.0
452,Iberia,IB,departure,,landed,IBE3180,3180,4,H7,MAD,2019-07-24 17:00:00,0.0,LHR,2019-07-24 18:25:00,0.0
453,Ryanair,FR,departure,,landed,RYR2952,2952,2,C44,MAD,2019-07-24 16:55:00,6.0,BRU,2019-07-24 19:20:00,0.0
454,Ryanair,FR,departure,,landed,RYR2011,2011,1,C38,MAD,2019-07-24 16:50:00,12.0,LPA,2019-07-24 18:50:00,4.0
455,KLM,KL,departure,Air Europa,landed,KLM3366,3366,2,E74,MAD,2019-07-24 18:40:00,0.0,LCG,2019-07-24 19:55:00,20.0
456,Air France,AF,departure,Air Europa,landed,AFR4836,4836,2,E70,MAD,2019-07-24 17:00:00,2.0,PMI,2019-07-24 18:25:00,0.0
457,Air Europa,UX,departure,,landed,AEA7237,7237,2,E74,MAD,2019-07-24 18:40:00,0.0,LCG,2019-07-24 19:55:00,20.0
458,Aeromexico,AM,departure,Air Europa,landed,AMX6813,6813,2,E70,MAD,2019-07-24 17:00:00,2.0,PMI,2019-07-24 18:25:00,0.0
459,Alitalia,AZ,departure,Air Europa,landed,AZA2446,2446,2,E70,MAD,2019-07-24 17:00:00,2.0,PMI,2019-07-24 18:25:00,0.0
460,Iberia,IB,departure,Iberia Express,landed,IBE3640,3640,4,,MAD,2019-07-24 18:40:00,0.0,TLS,2019-07-24 20:00:00,0.0
461,KLM,KL,departure,Air Europa,landed,KLM3317,3317,2,E70,MAD,2019-07-24 17:00:00,2.0,PMI,2019-07-24 18:25:00,0.0
462,Middle East Airlines,ME,departure,Air Europa,landed,MEA2079,2079,2,E70,MAD,2019-07-24 17:00:00,2.0,PMI,2019-07-24 18:25:00,0.0
463,Iberia Express,I2,departure,,landed,IBS3640,3640,4,,MAD,2019-07-24 18:40:00,0.0,TLS,2019-07-24 20:00:00,0.0
464,Aeroflot,SU,departure,Air Europa,landed,AFL3692,3692,2,E70,MAD,2019-07-24 17:00:00,2.0,PMI,2019-07-24 18:25:00,0.0
465,Saudia,SV,departure,Air Europa,landed,SVA6128,6128,2,E70,MAD,2019-07-24 17:00:00,2.0,PMI,2019-07-24 18:25:00,0.0
466,Aeromexico,AM,departure,Air Europa,landed,AMX6945,6945,2,E70,MAD,2019-07-24 18:45:00,0.0,LIS,2019-07-24 19:00:00,0.0
467,Air Europa,UX,departure,,landed,AEA6079,6079,2,E70,MAD,2019-07-24 17:00:00,2.0,PMI,2019-07-24 18:25:00,0.0
468,SA AVIANCA,AV,departure,Lufthansa,landed,AVA6508,6508,2,E67,MAD,2019-07-24 17:00:00,3.0,FRA,2019-07-24 19:30:00,9.0
469,Aerolineas Argentinas,AR,departure,Air Europa,landed,ARG7344,7344,2,E70,MAD,2019-07-24 18:45:00,0.0,LIS,2019-07-24 19:00:00,0.0
470,Air Europa,UX,departure,,landed,AEA1157,1157,2,E70,MAD,2019-07-24 18:45:00,0.0,LIS,2019-07-24 19:00:00,0.0
471,American Airlines,AA,departure,Air Nostrum,landed,AAL8501,8501,4,K96,MAD,2019-07-24 18:40:00,3.0,EAS,2019-07-24 19:55:00,0.0
472,Ethiopian Airlines,ET,departure,Lufthansa,landed,ETH1589,1589,2,E67,MAD,2019-07-24 17:00:00,3.0,FRA,2019-07-24 19:30:00,9.0
473,SA AVIANCA,AV,departure,Air Nostrum,landed,AVA6070,6070,4,K96,MAD,2019-07-24 18:40:00,3.0,EAS,2019-07-24 19:55:00,0.0
474,ANA,NH,departure,Lufthansa,landed,ANA6140,6140,2,E67,MAD,2019-07-24 17:00:00,3.0,FRA,2019-07-24 19:30:00,9.0
475,British Airways,BA,departure,Air Nostrum,landed,BAW7080,7080,4,K96,MAD,2019-07-24 18:40:00,3.0,EAS,2019-07-24 19:55:00,0.0
476,Qatar Airways,QR,departure,Air Nostrum,landed,QTR6523,6523,4,K96,MAD,2019-07-24 18:40:00,3.0,EAS,2019-07-24 19:55:00,0.0
477,Austrian,OS,departure,Lufthansa,landed,AUA7460,7460,2,E67,MAD,2019-07-24 17:00:00,3.0,FRA,2019-07-24 19:30:00,9.0
478,Iberia,IB,departure,Air Nostrum,landed,IBE8326,8326,4,K96,MAD,2019-07-24 18:40:00,3.0,EAS,2019-07-24 19:55:00,0.0
479,South African Airways,SA,departure,Lufthansa,landed,SAA7527,7527,2,E67,MAD,2019-07-24 17:00:00,3.0,FRA,2019-07-24 19:30:00,9.0
480,SAS,SK,departure,Lufthansa,landed,SAS3136,3136,2,E67,MAD,2019-07-24 17:00:00,3.0,FRA,2019-07-24 19:30:00,9.0
481,Singapore Airlines,SQ,departure,Lufthansa,landed,SIA2095,2095,2,E67,MAD,2019-07-24 17:00:00,3.0,FRA,2019-07-24 19:30:00,9.0
482,Air Nostrum,YW,departure,,landed,ANE8326,8326,4,K96,MAD,2019-07-24 18:40:00,3.0,EAS,2019-07-24 19:55:00,0.0
483,Lufthansa,LH,departure,,landed,DLH1115,1115,2,E67,MAD,2019-07-24 17:00:00,3.0,FRA,2019-07-24 19:30:00,9.0
484,LATAM Airlines,LA,departure,Iberia,landed,LAN7109,7109,4,J50,MAD,2019-07-24 18:45:00,2.0,BCN,2019-07-24 20:00:00,0.0
485,Iberia,IB,departure,,landed,IBE1846,1846,4,J50,MAD,2019-07-24 18:45:00,2.0,BCN,2019-07-24 20:00:00,0.0
486,Aeromexico,AM,departure,Wasaya Airways,landed,AMX6886,6886,2,F90,MAD,2019-07-24 18:45:00,2.0,SVQ,2019-07-24 20:20:00,0.0
487,American Airlines,AA,departure,Iberia,landed,AAL8730,8730,4S,S34,MAD,2019-07-24 17:10:00,0.0,RAK,2019-07-24 18:10:00,0.0
488,Iberia,IB,departure,,landed,IBE3342,3342,4S,S34,MAD,2019-07-24 17:10:00,0.0,RAK,2019-07-24 18:10:00,0.0
489,Air Europa,UX,departure,Wasaya Airways,landed,AEA5057,5057,2,F90,MAD,2019-07-24 18:45:00,2.0,SVQ,2019-07-24 20:20:00,0.0
490,Wasaya Airways,WT,departure,,landed,WSG5057,5057,2,F90,MAD,2019-07-24 18:45:00,2.0,SVQ,2019-07-24 20:20:00,0.0
491,Ryanair,FR,departure,,landed,RYR2528,2528,1,C42,MAD,2019-07-24 17:10:00,3.0,SXF,2019-07-24 20:25:00,0.0
492,SA AVIANCA,AV,departure,Iberia,landed,AVA6030,6030,4,,MAD,2019-07-24 17:15:00,0.0,BIO,2019-07-24 18:15:00,2.0
493,Ryanair,FR,departure,,landed,RYR5983,5983,1,D58,MAD,2019-07-24 18:10:00,39.0,BGY,2019-07-24 20:25:00,28.0
494,British Airways,BA,departure,Iberia,landed,BAW7244,7244,4,,MAD,2019-07-24 17:15:00,0.0,BIO,2019-07-24 18:15:00,2.0
495,Air Europa,UX,departure,,landed,AEA1141,1141,2,E76,MAD,2019-07-24 18:55:00,0.0,OPO,2019-07-24 19:05:00,0.0
496,LATAM Airlines,LA,departure,Iberia,landed,LAN7147,7147,4,,MAD,2019-07-24 17:15:00,0.0,BIO,2019-07-24 18:15:00,2.0
497,Qatar Airways,QR,departure,Iberia,landed,QTR6976,6976,4,,MAD,2019-07-24 17:15:00,0.0,BIO,2019-07-24 18:15:00,2.0
498,Iberia,IB,departure,,landed,IBE434,434,4,,MAD,2019-07-24 17:15:00,0.0,BIO,2019-07-24 18:15:00,2.0
499,Air France,AF,departure,Air Europa,landed,AFR4802,4802,2,E78,MAD,2019-07-24 19:00:00,0.0,PMI,2019-07-24 20:20:00,1.0
500,American Airlines,AA,departure,Air Nostrum,landed,AAL8634,8634,4S,M45,MAD,2019-07-24 16:00:00,21.0,SVQ,2019-07-24 17:05:00,10.0
501,Aeromexico,AM,departure,Air Europa,landed,AMX6959,6959,2,C40,MAD,2019-07-24 15:15:00,128.0,BRU,2019-07-24 17:35:00,115.0
502,Aeromexico,AM,departure,Air Europa,landed,AMX6814,6814,2,E78,MAD,2019-07-24 19:00:00,0.0,PMI,2019-07-24 20:20:00,1.0
503,Qatar Airways,QR,departure,Air Nostrum,landed,QTR5087,5087,4S,M45,MAD,2019-07-24 16:00:00,21.0,SVQ,2019-07-24 17:05:00,10.0
504,Iberia,IB,departure,Air Nostrum,landed,IBE8516,8516,4S,M45,MAD,2019-07-24 16:00:00,21.0,SVQ,2019-07-24 17:05:00,10.0
505,Air Nostrum,YW,departure,,landed,ANE8516,8516,4S,M45,MAD,2019-07-24 16:00:00,21.0,SVQ,2019-07-24 17:05:00,10.0
506,Etihad Airways,EY,departure,Air Europa,landed,ETD4359,4359,2,C40,MAD,2019-07-24 15:15:00,128.0,BRU,2019-07-24 17:35:00,115.0
507,easyJet,U2,departure,,landed,EZY3906,3906,1,,MAD,2019-07-24 16:10:00,12.0,CDG,2019-07-24 18:20:00,3.0
508,Norwegian Air International,D8,departure,,landed,IBK6112,6112,2,E69,MAD,2019-07-24 16:10:00,14.0,CPH,2019-07-24 19:20:00,13.0
509,Air Serbia,JU,departure,Air Europa,landed,ASL7418,7418,2,C40,MAD,2019-07-24 15:15:00,128.0,BRU,2019-07-24 17:35:00,115.0
510,Iberia,IB,departure,Vueling,landed,IBE5364,5364,4,J42,MAD,2019-07-24 16:25:00,0.0,MAH,2019-07-24 17:55:00,3.0
511,Vueling,VY,departure,,landed,VLG3833,3833,4,J42,MAD,2019-07-24 16:25:00,0.0,MAH,2019-07-24 17:55:00,3.0
512,China Eastern Airlines,MU,departure,Air Europa,landed,CES4533,4533,2,C40,MAD,2019-07-24 15:15:00,128.0,BRU,2019-07-24 17:35:00,115.0
513,American Airlines,AA,departure,Air Nostrum,landed,AAL8594,8594,4,K98,MAD,2019-07-24 16:20:00,8.0,TRN,2019-07-24 18:30:00,10.0
514,Aerolineas Argentinas,AR,departure,Air Europa,landed,ARG7328,7328,2,E78,MAD,2019-07-24 19:00:00,0.0,PMI,2019-07-24 20:20:00,1.0
515,Iberia,IB,departure,Air Nostrum,landed,IBE8828,8828,4,K98,MAD,2019-07-24 16:20:00,8.0,TRN,2019-07-24 18:30:00,10.0
516,Air Europa,UX,departure,,landed,AEA1173,1173,2,C40,MAD,2019-07-24 15:15:00,128.0,BRU,2019-07-24 17:35:00,115.0
517,Air Nostrum,YW,departure,,landed,ANE8828,8828,4,K98,MAD,2019-07-24 16:20:00,8.0,TRN,2019-07-24 18:30:00,10.0
518,Iberia,IB,departure,Iberia Express,landed,IBE3672,3672,4,,MAD,2019-07-24 16:15:00,14.0,TXL,2019-07-24 19:15:00,3.0
519,Iberia Express,I2,departure,,landed,IBS3672,3672,4,,MAD,2019-07-24 16:15:00,14.0,TXL,2019-07-24 19:15:00,3.0
520,American Airlines,AA,departure,Iberia,landed,AAL8746,8746,4,H3,MAD,2019-07-24 16:30:00,0.0,LHR,2019-07-24 17:55:00,0.0
521,British Airways,BA,departure,Iberia,landed,BAW7056,7056,4,H3,MAD,2019-07-24 16:30:00,0.0,LHR,2019-07-24 17:55:00,0.0
522,LATAM Airlines,LA,departure,Iberia,landed,LAN7083,7083,4,H3,MAD,2019-07-24 16:30:00,0.0,LHR,2019-07-24 17:55:00,0.0
523,Iberia,IB,departure,,landed,IBE3164,3164,4,H3,MAD,2019-07-24 16:30:00,0.0,LHR,2019-07-24 17:55:00,0.0
524,Alitalia,AZ,departure,Air Europa,landed,AZA2448,2448,2,E78,MAD,2019-07-24 19:00:00,0.0,PMI,2019-07-24 20:20:00,1.0
525,Ryanair,FR,departure,,landed,RYR5995,5995,1,A8,MAD,2019-07-24 16:05:00,26.0,STN,2019-07-24 17:35:00,27.0
526,SA AVIANCA,AV,departure,Iberia,landed,AVA6148,6148,4,J54,MAD,2019-07-24 17:30:00,0.0,BCN,2019-07-24 18:45:00,0.0
527,American Airlines,AA,departure,Air Nostrum,landed,AAL8547,8547,4,M48,MAD,2019-07-24 16:20:00,11.0,PNA,2019-07-24 17:20:00,0.0
528,SA AVIANCA,AV,departure,Air Nostrum,landed,AVA6058,6058,4,M48,MAD,2019-07-24 16:20:00,11.0,PNA,2019-07-24 17:20:00,0.0
529,British Airways,BA,departure,Air Nostrum,landed,BAW7218,7218,4,M48,MAD,2019-07-24 16:20:00,11.0,PNA,2019-07-24 17:20:00,0.0
530,LATAM Airlines,LA,departure,Iberia,landed,LAN7077,7077,4,J54,MAD,2019-07-24 17:30:00,0.0,BCN,2019-07-24 18:45:00,0.0
531,Qatar Airways,QR,departure,Air Nostrum,landed,QTR6942,6942,4,M48,MAD,2019-07-24 16:20:00,11.0,PNA,2019-07-24 17:20:00,0.0
532,Iberia,IB,departure,Air Nostrum,landed,IBE8524,8524,4,M48,MAD,2019-07-24 16:20:00,11.0,PNA,2019-07-24 17:20:00,0.0
533,Iberia,IB,departure,,landed,IBE1730,1730,4,J54,MAD,2019-07-24 17:30:00,0.0,BCN,2019-07-24 18:45:00,0.0
534,Turkish Airlines,TK,departure,Air Europa,landed,THY9388,9388,2,E78,MAD,2019-07-24 19:00:00,0.0,PMI,2019-07-24 20:20:00,1.0
535,Air Nostrum,YW,departure,,landed,ANE8524,8524,4,M48,MAD,2019-07-24 16:20:00,11.0,PNA,2019-07-24 17:20:00,0.0
536,Iberia,IB,departure,Vueling,landed,IBE5932,5932,4,J40,MAD,2019-07-24 16:30:00,1.0,FCO,2019-07-24 19:00:00,10.0
537,Aerolineas Argentinas,AR,departure,Alitalia,landed,ARG7205,7205,2,,MAD,2019-07-24 17:30:00,0.0,FCO,2019-07-24 19:55:00,0.0
538,Air Europa,UX,departure,,landed,AEA6097,6097,2,E78,MAD,2019-07-24 19:00:00,0.0,PMI,2019-07-24 20:20:00,1.0
539,Vueling,VY,departure,,landed,VLG6128,6128,4,J40,MAD,2019-07-24 16:30:00,1.0,FCO,2019-07-24 19:00:00,10.0
540,easyJet,U2,departure,,landed,EZY1116,1116,1,,MAD,2019-07-24 16:30:00,4.0,BSL,2019-07-24 18:45:00,0.0
541,Etihad Airways,EY,departure,Alitalia,landed,ETD2863,2863,2,,MAD,2019-07-24 17:30:00,0.0,FCO,2019-07-24 19:55:00,0.0
542,easyJet,U2,departure,,landed,EZY6996,6996,1,B31,MAD,2019-07-24 16:35:00,0.0,EDI,2019-07-24 18:30:00,0.0
543,SA AVIANCA,AV,departure,Iberia,landed,AVA6089,6089,4,J52,MAD,2019-07-24 16:30:00,6.0,BCN,2019-07-24 17:50:00,0.0
544,Air Europa,UX,departure,Wasaya Airways,landed,AEA7407,7407,2,F92,MAD,2019-07-24 18:40:00,21.0,OVD,2019-07-24 20:05:00,19.0
545,LATAM Airlines,LA,departure,Iberia,landed,LAN7103,7103,4,J52,MAD,2019-07-24 16:30:00,6.0,BCN,2019-07-24 17:50:00,0.0
546,BoA,OB,departure,Iberia,landed,BOV5004,5004,4,J52,MAD,2019-07-24 16:30:00,6.0,BCN,2019-07-24 17:50:00,0.0
547,Air Serbia,JU,departure,Alitalia,landed,ASL7241,7241,2,,MAD,2019-07-24 17:30:00,0.0,FCO,2019-07-24 19:55:00,0.0
548,Iberia,IB,departure,,landed,IBE1630,1630,4,J52,MAD,2019-07-24 16:30:00,6.0,BCN,2019-07-24 17:50:00,0.0
549,Wasaya Airways,WT,departure,,landed,WSG7407,7407,2,F92,MAD,2019-07-24 18:40:00,21.0,OVD,2019-07-24 20:05:00,19.0
550,American Airlines,AA,departure,Air Nostrum,landed,AAL8591,8591,4,K95,MAD,2019-07-24 16:20:00,17.0,GRX,2019-07-24 17:25:00,14.0
551,Korean Air,KE,departure,Alitalia,landed,KAL6282,6282,2,,MAD,2019-07-24 17:30:00,0.0,FCO,2019-07-24 19:55:00,0.0
552,British Airways,BA,departure,Air Nostrum,landed,BAW7082,7082,4,K95,MAD,2019-07-24 16:20:00,17.0,GRX,2019-07-24 17:25:00,14.0
553,Air Europa,UX,departure,Alitalia,landed,AEA3119,3119,2,,MAD,2019-07-24 17:30:00,0.0,FCO,2019-07-24 19:55:00,0.0
554,Air France,AF,departure,Air Europa,landed,AFR4799,4799,2,E80,MAD,2019-07-24 18:50:00,15.0,VGO,2019-07-24 20:00:00,10.0
555,Qatar Airways,QR,departure,Air Nostrum,landed,QTR6926,6926,4,K95,MAD,2019-07-24 16:20:00,17.0,GRX,2019-07-24 17:25:00,14.0
556,Alitalia,AZ,departure,,landed,AZA63,63,2,,MAD,2019-07-24 17:30:00,0.0,FCO,2019-07-24 19:55:00,0.0
557,Iberia,IB,departure,Air Nostrum,landed,IBE8642,8642,4,K95,MAD,2019-07-24 16:20:00,17.0,GRX,2019-07-24 17:25:00,14.0
558,Aeromexico,AM,departure,Air Europa,landed,AMX6815,6815,2,E80,MAD,2019-07-24 18:50:00,15.0,VGO,2019-07-24 20:00:00,10.0
559,Air Nostrum,YW,departure,,landed,ANE8642,8642,4,K95,MAD,2019-07-24 16:20:00,17.0,GRX,2019-07-24 17:25:00,14.0
560,American Airlines,AA,departure,Air Nostrum,landed,AAL8562,8562,4,K80,MAD,2019-07-24 16:25:00,13.0,IBZ,2019-07-24 17:40:00,5.0
561,British Airways,BA,departure,Air Nostrum,landed,BAW7246,7246,4,K80,MAD,2019-07-24 16:25:00,13.0,IBZ,2019-07-24 17:40:00,5.0
562,Qatar Airways,QR,departure,Air Nostrum,landed,QTR6522,6522,4,K80,MAD,2019-07-24 16:25:00,13.0,IBZ,2019-07-24 17:40:00,5.0
563,Iberia,IB,departure,Air Nostrum,landed,IBE8910,8910,4,K80,MAD,2019-07-24 16:25:00,13.0,IBZ,2019-07-24 17:40:00,5.0
564,Aerolineas Argentinas,AR,departure,Air Europa,landed,ARG7350,7350,2,E80,MAD,2019-07-24 18:50:00,15.0,VGO,2019-07-24 20:00:00,10.0
565,Air Nostrum,YW,departure,,landed,ANE8910,8910,4,K80,MAD,2019-07-24 16:25:00,13.0,IBZ,2019-07-24 17:40:00,5.0
566,Iberia Express,I2,departure,,landed,IBS3630,3630,4,,MAD,2019-07-24 15:35:00,0.0,NCE,2019-07-24 17:35:00,0.0
567,American Airlines,AA,departure,Air Nostrum,landed,AAL8540,8540,4,K93,MAD,2019-07-24 15:40:00,0.0,FRA,2019-07-24 18:30:00,0.0
568,JAL,JL,departure,Air Nostrum,landed,JAL7842,7842,4,K93,MAD,2019-07-24 15:40:00,0.0,FRA,2019-07-24 18:30:00,0.0
569,BoA,OB,departure,Air Nostrum,landed,BOV5304,5304,4,K93,MAD,2019-07-24 15:40:00,0.0,FRA,2019-07-24 18:30:00,0.0
570,Iberia,IB,departure,Air Nostrum,landed,IBE8616,8616,4,K93,MAD,2019-07-24 15:40:00,0.0,FRA,2019-07-24 18:30:00,0.0
571,Air Nostrum,YW,departure,,landed,ANE8616,8616,4,K93,MAD,2019-07-24 15:40:00,0.0,FRA,2019-07-24 18:30:00,0.0
572,Aeromexico,AM,departure,Air Europa,landed,AMX6808,6808,2,D60,MAD,2019-07-24 15:10:00,31.0,BCN,2019-07-24 16:35:00,17.0
573,Delta Air Lines,DL,departure,Air Europa,landed,DAL6771,6771,2,D60,MAD,2019-07-24 15:10:00,31.0,BCN,2019-07-24 16:35:00,17.0
574,Etihad Airways,EY,departure,Air Europa,landed,ETD4366,4366,2,D60,MAD,2019-07-24 15:10:00,31.0,BCN,2019-07-24 16:35:00,17.0
575,Garuda Indonesia,GA,departure,Air Europa,landed,GIA9776,9776,2,D60,MAD,2019-07-24 15:10:00,31.0,BCN,2019-07-24 16:35:00,17.0
576,Korean Air,KE,departure,Air Europa,landed,KAL6651,6651,2,D60,MAD,2019-07-24 15:10:00,31.0,BCN,2019-07-24 16:35:00,17.0
577,Middle East Airlines,ME,departure,Air Europa,landed,MEA2006,2006,2,D60,MAD,2019-07-24 15:10:00,31.0,BCN,2019-07-24 16:35:00,17.0
578,Aeroflot,SU,departure,Air Europa,landed,AFL3673,3673,2,D60,MAD,2019-07-24 15:10:00,31.0,BCN,2019-07-24 16:35:00,17.0
579,LATAM Airlines,LA,departure,,landed,LAN704,704,4S,S28,MAD,2019-07-24 15:05:00,0.0,FRA,2019-07-24 17:40:00,1.0
580,Saudia,SV,departure,Air Europa,landed,SVA6184,6184,2,D60,MAD,2019-07-24 15:10:00,31.0,BCN,2019-07-24 16:35:00,17.0
581,Air Europa,UX,departure,,landed,AEA7703,7703,2,D60,MAD,2019-07-24 15:10:00,31.0,BCN,2019-07-24 16:35:00,17.0
582,American Airlines,AA,departure,Iberia,landed,AAL8744,8744,4,J41,MAD,2019-07-24 15:40:00,1.0,OPO,2019-07-24 15:55:00,14.0
583,British Airways,BA,departure,Iberia,landed,BAW7102,7102,4,J41,MAD,2019-07-24 15:40:00,1.0,OPO,2019-07-24 15:55:00,14.0
584,LATAM Airlines,LA,departure,Iberia,landed,LAN7195,7195,4,J41,MAD,2019-07-24 15:40:00,1.0,OPO,2019-07-24 15:55:00,14.0
585,Qatar Airways,QR,departure,Iberia,landed,QTR6968,6968,4,J41,MAD,2019-07-24 15:40:00,1.0,OPO,2019-07-24 15:55:00,14.0
586,Iberia,IB,departure,,landed,IBE3094,3094,4,J41,MAD,2019-07-24 15:40:00,1.0,OPO,2019-07-24 15:55:00,14.0
587,Iberia,IB,departure,Vueling,landed,IBE5405,5405,4,J56,MAD,2019-07-24 15:00:00,11.0,BCN,2019-07-24 16:20:00,20.0
588,TAP Portugal,TP,departure,EgyptAir,landed,TAP7009,7009,1,B25,MAD,2019-07-24 15:45:00,0.0,CAI,2019-07-24 20:25:00,3.0
589,EgyptAir,MS,departure,,landed,MSR754,754,1,B25,MAD,2019-07-24 15:45:00,0.0,CAI,2019-07-24 20:25:00,3.0
590,American Airlines,AA,departure,Iberia,landed,AAL8814,8814,4,K68,MAD,2019-07-24 15:40:00,3.0,LIS,2019-07-24 16:05:00,0.0
591,Vueling,VY,departure,,landed,VLG1500,1500,4,J56,MAD,2019-07-24 15:00:00,11.0,BCN,2019-07-24 16:20:00,20.0
592,LATAM Airlines,LA,departure,Iberia,landed,LAN7148,7148,4,K68,MAD,2019-07-24 15:40:00,3.0,LIS,2019-07-24 16:05:00,0.0
593,Qatar Airways,QR,departure,Iberia,landed,QTR6872,6872,4,K68,MAD,2019-07-24 15:40:00,3.0,LIS,2019-07-24 16:05:00,0.0
594,Iberia,IB,departure,,landed,IBE3102,3102,4,K68,MAD,2019-07-24 15:40:00,3.0,LIS,2019-07-24 16:05:00,0.0
595,Aeromexico,AM,departure,Air Europa,landed,AMX6921,6921,2,E76,MAD,2019-07-24 15:10:00,3.0,DUS,2019-07-24 17:45:00,0.0
596,American Airlines,AA,departure,Iberia Express,landed,AAL8794,8794,4,,MAD,2019-07-24 15:35:00,10.0,FUE,2019-07-24 17:25:00,0.0
597,Iberia,IB,departure,Iberia Express,landed,IBE3904,3904,4,,MAD,2019-07-24 15:35:00,10.0,FUE,2019-07-24 17:25:00,0.0
598,Iberia Express,I2,departure,,landed,IBS3904,3904,4,,MAD,2019-07-24 15:35:00,10.0,FUE,2019-07-24 17:25:00,0.0
599,American Airlines,AA,departure,Iberia,landed,AAL8798,8798,4,,MAD,2019-07-24 15:45:00,1.0,VGO,2019-07-24 17:00:00,2.0
600,SA AVIANCA,AV,departure,Iberia,landed,AVA6121,6121,4,,MAD,2019-07-24 15:45:00,1.0,VGO,2019-07-24 17:00:00,2.0
601,Etihad Airways,EY,departure,Air Europa,landed,ETD4391,4391,2,E76,MAD,2019-07-24 15:10:00,3.0,DUS,2019-07-24 17:45:00,0.0
602,British Airways,BA,departure,Iberia,landed,BAW7208,7208,4,,MAD,2019-07-24 15:45:00,1.0,VGO,2019-07-24 17:00:00,2.0
603,LATAM Airlines,LA,departure,Iberia,landed,LAN7040,7040,4,,MAD,2019-07-24 15:45:00,1.0,VGO,2019-07-24 17:00:00,2.0
604,Air Serbia,JU,departure,Air Europa,landed,ASL7431,7431,2,E76,MAD,2019-07-24 15:10:00,3.0,DUS,2019-07-24 17:45:00,0.0
605,Air Europa,UX,departure,,landed,AEA1447,1447,2,E76,MAD,2019-07-24 15:10:00,3.0,DUS,2019-07-24 17:45:00,0.0
606,Qatar Airways,QR,departure,Iberia,landed,QTR6918,6918,4,,MAD,2019-07-24 15:45:00,1.0,VGO,2019-07-24 17:00:00,2.0
607,Iberia,IB,departure,,landed,IBE534,534,4,,MAD,2019-07-24 15:45:00,1.0,VGO,2019-07-24 17:00:00,2.0
608,SWISS,LX,departure,,landed,SWR2027,2027,2,,MAD,2019-07-24 15:30:00,18.0,ZRH,2019-07-24 17:45:00,30.0
609,American Airlines,AA,departure,Iberia,landed,AAL8878,8878,4,,MAD,2019-07-24 15:45:00,3.0,XRY,2019-07-24 17:00:00,0.0
610,British Airways,BA,departure,Iberia,landed,BAW7114,7114,4,,MAD,2019-07-24 15:45:00,3.0,XRY,2019-07-24 17:00:00,0.0
611,LATAM Airlines,LA,departure,Iberia,landed,LAN7189,7189,4,,MAD,2019-07-24 15:45:00,3.0,XRY,2019-07-24 17:00:00,0.0
612,Qatar Airways,QR,departure,Iberia,landed,QTR6850,6850,4,,MAD,2019-07-24 15:45:00,3.0,XRY,2019-07-24 17:00:00,0.0
613,Iberia,IB,departure,,landed,IBE404,404,4,,MAD,2019-07-24 15:45:00,3.0,XRY,2019-07-24 17:00:00,0.0
614,SA AVIANCA,AV,departure,Iberia,landed,AVA6085,6085,4,J54,MAD,2019-07-24 15:45:00,7.0,BCN,2019-07-24 17:05:00,0.0
615,BoA,OB,departure,Iberia,landed,BOV5008,5008,4,J54,MAD,2019-07-24 15:45:00,7.0,BCN,2019-07-24 17:05:00,0.0
616,Iberia,IB,departure,,landed,IBE1546,1546,4,J54,MAD,2019-07-24 15:45:00,7.0,BCN,2019-07-24 17:05:00,0.0
617,American Airlines,AA,departure,Iberia Express,landed,AAL8773,8773,4,,MAD,2019-07-24 15:50:00,2.0,SCQ,2019-07-24 17:05:00,0.0
618,British Airways,BA,departure,Iberia Express,landed,BAW7132,7132,4,,MAD,2019-07-24 15:50:00,2.0,SCQ,2019-07-24 17:05:00,0.0
619,Iberia,IB,departure,Iberia Express,landed,IBE3878,3878,4,,MAD,2019-07-24 15:50:00,2.0,SCQ,2019-07-24 17:05:00,0.0
620,LATAM Airlines,LA,departure,Iberia Express,landed,LAN7043,7043,4,,MAD,2019-07-24 15:50:00,2.0,SCQ,2019-07-24 17:05:00,0.0
621,Iberia Express,I2,departure,,landed,IBS3878,3878,4,,MAD,2019-07-24 15:50:00,2.0,SCQ,2019-07-24 17:05:00,0.0
622,American Airlines,AA,departure,Iberia,landed,AAL8833,8833,4,H7,MAD,2019-07-24 15:00:00,17.0,LHR,2019-07-24 16:25:00,1.0
623,LOT - Polish Airlines,LO,departure,,landed,LOT434,434,2,D66,MAD,2019-07-24 15:35:00,18.0,WAW,2019-07-24 19:10:00,14.0
624,American Airlines,AA,departure,Iberia,landed,AAL8759,8759,4,H15,MAD,2019-07-24 15:40:00,14.0,ZRH,2019-07-24 18:00:00,18.0
625,LATAM Airlines,LA,departure,Iberia,landed,LAN7090,7090,4,H15,MAD,2019-07-24 15:40:00,14.0,ZRH,2019-07-24 18:00:00,18.0
626,BoA,OB,departure,Iberia,landed,BOV5504,5504,4,H15,MAD,2019-07-24 15:40:00,14.0,ZRH,2019-07-24 18:00:00,18.0
627,British Airways,BA,departure,Iberia,landed,BAW7060,7060,4,H7,MAD,2019-07-24 15:00:00,17.0,LHR,2019-07-24 16:25:00,1.0
628,Iberia,IB,departure,,landed,IBE3474,3474,4,H15,MAD,2019-07-24 15:40:00,14.0,ZRH,2019-07-24 18:00:00,18.0
629,American Airlines,AA,departure,Iberia,landed,AAL8750,8750,4,H13,MAD,2019-07-24 15:40:00,15.0,VCE,2019-07-24 18:05:00,10.0
630,LATAM Airlines,LA,departure,Iberia,landed,LAN5407,5407,4,H13,MAD,2019-07-24 15:40:00,15.0,VCE,2019-07-24 18:05:00,10.0
631,Iberia,IB,departure,,landed,IBE3244,3244,4,H13,MAD,2019-07-24 15:40:00,15.0,VCE,2019-07-24 18:05:00,10.0
632,JAL,JL,departure,Iberia,landed,JAL7840,7840,4,H7,MAD,2019-07-24 15:00:00,17.0,LHR,2019-07-24 16:25:00,1.0
633,American Airlines,AA,departure,Iberia,landed,AAL8811,8811,4,,MAD,2019-07-24 15:45:00,10.0,OVD,2019-07-24 16:55:00,17.0
634,SA AVIANCA,AV,departure,Iberia,landed,AVA6051,6051,4,,MAD,2019-07-24 15:45:00,10.0,OVD,2019-07-24 16:55:00,17.0
635,British Airways,BA,departure,Iberia,landed,BAW7182,7182,4,,MAD,2019-07-24 15:45:00,10.0,OVD,2019-07-24 16:55:00,17.0
636,LATAM Airlines,LA,departure,Iberia,landed,LAN7076,7076,4,H7,MAD,2019-07-24 15:00:00,17.0,LHR,2019-07-24 16:25:00,1.0
637,LATAM Airlines,LA,departure,Iberia,landed,LAN7041,7041,4,,MAD,2019-07-24 15:45:00,10.0,OVD,2019-07-24 16:55:00,17.0
638,Qatar Airways,QR,departure,Iberia,landed,QTR6894,6894,4,,MAD,2019-07-24 15:45:00,10.0,OVD,2019-07-24 16:55:00,17.0
639,Iberia,IB,departure,,landed,IBE3172,3172,4,H7,MAD,2019-07-24 15:00:00,17.0,LHR,2019-07-24 16:25:00,1.0
640,Iberia,IB,departure,,landed,IBE476,476,4,,MAD,2019-07-24 15:45:00,10.0,OVD,2019-07-24 16:55:00,17.0
641,American Airlines,AA,departure,Iberia,landed,AAL8783,8783,4,J46,MAD,2019-07-24 15:55:00,0.0,FCO,2019-07-24 18:25:00,0.0
642,Aeromexico,AM,departure,Air Europa,landed,AMX6957,6957,2,E80,MAD,2019-07-24 15:00:00,20.0,MUC,2019-07-24 17:30:00,7.0
643,LATAM Airlines,LA,departure,Iberia,landed,LAN7095,7095,4,J46,MAD,2019-07-24 15:55:00,0.0,FCO,2019-07-24 18:25:00,0.0
644,Etihad Airways,EY,departure,Air Europa,landed,ETD4377,4377,2,E80,MAD,2019-07-24 15:00:00,20.0,MUC,2019-07-24 17:30:00,7.0
645,BoA,OB,departure,Iberia,landed,BOV5204,5204,4,J46,MAD,2019-07-24 15:55:00,0.0,FCO,2019-07-24 18:25:00,0.0
646,Iberia,IB,departure,,landed,IBE3236,3236,4,J46,MAD,2019-07-24 15:55:00,0.0,FCO,2019-07-24 18:25:00,0.0
647,American Airlines,AA,departure,Iberia,landed,AAL8838,8838,4,H11,MAD,2019-07-24 15:50:00,6.0,ZAG,2019-07-24 18:30:00,2.0
648,China Eastern Airlines,MU,departure,Air Europa,landed,CES4605,4605,2,E80,MAD,2019-07-24 15:00:00,20.0,MUC,2019-07-24 17:30:00,7.0
649,Iberia,IB,departure,,landed,IBE3198,3198,4,H11,MAD,2019-07-24 15:50:00,6.0,ZAG,2019-07-24 18:30:00,2.0
650,American Airlines,AA,departure,Iberia,landed,AAL8704,8704,4S,S18,MAD,2019-07-24 15:55:00,1.0,LHR,2019-07-24 17:15:00,6.0
651,Air Europa,UX,departure,,landed,AEA1517,1517,2,E80,MAD,2019-07-24 15:00:00,20.0,MUC,2019-07-24 17:30:00,7.0
652,British Airways,BA,departure,Iberia,landed,BAW7058,7058,4S,S18,MAD,2019-07-24 15:55:00,1.0,LHR,2019-07-24 17:15:00,6.0
653,JAL,JL,departure,Iberia,landed,JAL7844,7844,4S,S18,MAD,2019-07-24 15:55:00,1.0,LHR,2019-07-24 17:15:00,6.0
654,LATAM Airlines,LA,departure,Iberia,landed,LAN7088,7088,4S,S18,MAD,2019-07-24 15:55:00,1.0,LHR,2019-07-24 17:15:00,6.0
655,Aeromexico,AM,departure,Air Europa,landed,AMX6849,6849,2,D58,MAD,2019-07-24 15:10:00,10.0,MXP,2019-07-24 17:15:00,0.0
656,BoA,OB,departure,Iberia,landed,BOV5104,5104,4S,S18,MAD,2019-07-24 15:55:00,1.0,LHR,2019-07-24 17:15:00,6.0
657,Iberia,IB,departure,,landed,IBE3166,3166,4S,S18,MAD,2019-07-24 15:55:00,1.0,LHR,2019-07-24 17:15:00,6.0
658,American Airlines,AA,departure,Iberia,landed,AAL8747,8747,4,J58,MAD,2019-07-24 15:35:00,22.0,BRU,2019-07-24 18:00:00,17.0
659,Finnair,AY,departure,Iberia,landed,FIN5630,5630,4,J58,MAD,2019-07-24 15:35:00,22.0,BRU,2019-07-24 18:00:00,17.0
660,LATAM Airlines,LA,departure,Iberia,landed,LAN7079,7079,4,J58,MAD,2019-07-24 15:35:00,22.0,BRU,2019-07-24 18:00:00,17.0
661,Alitalia,AZ,departure,Air Europa,landed,AZA7095,7095,2,D58,MAD,2019-07-24 15:10:00,10.0,MXP,2019-07-24 17:15:00,0.0
662,Iberia,IB,departure,,landed,IBE3214,3214,4,J58,MAD,2019-07-24 15:35:00,22.0,BRU,2019-07-24 18:00:00,17.0
663,American Airlines,AA,departure,Iberia,landed,AAL8873,8873,4,H31,MAD,2019-07-24 15:45:00,12.0,GVA,2019-07-24 17:40:00,9.0
664,Air Serbia,JU,departure,Air Europa,landed,ASL7422,7422,2,D58,MAD,2019-07-24 15:10:00,10.0,MXP,2019-07-24 17:15:00,0.0
665,Finnair,AY,departure,Iberia,landed,FIN5622,5622,4,H31,MAD,2019-07-24 15:45:00,12.0,GVA,2019-07-24 17:40:00,9.0
666,LATAM Airlines,LA,departure,Iberia,landed,LAN5399,5399,4,H31,MAD,2019-07-24 15:45:00,12.0,GVA,2019-07-24 17:40:00,9.0
667,China Eastern Airlines,MU,departure,Air Europa,landed,CES4549,4549,2,D58,MAD,2019-07-24 15:10:00,10.0,MXP,2019-07-24 17:15:00,0.0
668,Iberia,IB,departure,,landed,IBE3486,3486,4,H31,MAD,2019-07-24 15:45:00,12.0,GVA,2019-07-24 17:40:00,9.0
669,American Airlines,AA,departure,Iberia,landed,AAL8737,8737,4,K62,MAD,2019-07-24 15:55:00,2.0,VIE,2019-07-24 18:50:00,24.0
670,Air Europa,UX,departure,,landed,AEA1061,1061,2,D58,MAD,2019-07-24 15:10:00,10.0,MXP,2019-07-24 17:15:00,0.0
671,LATAM Airlines,LA,departure,Iberia,landed,LAN7187,7187,4,K62,MAD,2019-07-24 15:55:00,2.0,VIE,2019-07-24 18:50:00,24.0
672,Iberia,IB,departure,,landed,IBE3122,3122,4,K62,MAD,2019-07-24 15:55:00,2.0,VIE,2019-07-24 18:50:00,24.0
673,American Airlines,AA,departure,Iberia Express,landed,AAL8728,8728,4,,MAD,2019-07-24 15:50:00,9.0,PMI,2019-07-24 17:15:00,2.0
674,Aeromexico,AM,departure,Air Europa,landed,AMX6927,6927,2,C48,MAD,2019-07-24 15:00:00,22.0,FCO,2019-07-24 17:25:00,22.0
675,British Airways,BA,departure,Iberia Express,landed,BAW7174,7174,4,,MAD,2019-07-24 15:50:00,9.0,PMI,2019-07-24 17:15:00,2.0
676,Iberia,IB,departure,Iberia Express,landed,IBE3912,3912,4,,MAD,2019-07-24 15:50:00,9.0,PMI,2019-07-24 17:15:00,2.0
677,LATAM Airlines,LA,departure,Iberia Express,landed,LAN7115,7115,4,,MAD,2019-07-24 15:50:00,9.0,PMI,2019-07-24 17:15:00,2.0
678,Alitalia,AZ,departure,Air Europa,landed,AZA7117,7117,2,C48,MAD,2019-07-24 15:00:00,22.0,FCO,2019-07-24 17:25:00,22.0
679,Iberia Express,I2,departure,,landed,IBS3912,3912,4,,MAD,2019-07-24 15:50:00,9.0,PMI,2019-07-24 17:15:00,2.0
680,American Airlines,AA,departure,Iberia Express,landed,AAL8743,8743,4,,MAD,2019-07-24 15:45:00,15.0,DUB,2019-07-24 17:25:00,29.0
681,Iberia,IB,departure,Iberia Express,landed,IBE3790,3790,4,,MAD,2019-07-24 15:45:00,15.0,DUB,2019-07-24 17:25:00,29.0
682,Iberia Express,I2,departure,,landed,IBS3790,3790,4,,MAD,2019-07-24 15:45:00,15.0,DUB,2019-07-24 17:25:00,29.0
683,Etihad Airways,EY,departure,Air Europa,landed,ETD4364,4364,2,C48,MAD,2019-07-24 15:00:00,22.0,FCO,2019-07-24 17:25:00,22.0
684,American Airlines,AA,departure,Iberia,landed,AAL8829,8829,4,H37,MAD,2019-07-24 15:55:00,5.0,DUS,2019-07-24 18:25:00,2.0
685,Iberia,IB,departure,,landed,IBE3132,3132,4,H37,MAD,2019-07-24 15:55:00,5.0,DUS,2019-07-24 18:25:00,2.0
686,American Airlines,AA,departure,Iberia,landed,AAL8742,8742,4,H33,MAD,2019-07-24 16:05:00,0.0,ORY,2019-07-24 18:05:00,1.0
687,SA AVIANCA,AV,departure,Iberia,landed,AVA6046,6046,4,H33,MAD,2019-07-24 16:05:00,0.0,ORY,2019-07-24 18:05:00,1.0
688,Air Serbia,JU,departure,Air Europa,landed,ASL7424,7424,2,C48,MAD,2019-07-24 15:00:00,22.0,FCO,2019-07-24 17:25:00,22.0
689,LATAM Airlines,LA,departure,Iberia,landed,LAN7100,7100,4,H33,MAD,2019-07-24 16:05:00,0.0,ORY,2019-07-24 18:05:00,1.0
690,BoA,OB,departure,Iberia,landed,BOV5404,5404,4,H33,MAD,2019-07-24 16:05:00,0.0,ORY,2019-07-24 18:05:00,1.0
691,Iberia,IB,departure,,landed,IBE3444,3444,4,H33,MAD,2019-07-24 16:05:00,0.0,ORY,2019-07-24 18:05:00,1.0
692,China Eastern Airlines,MU,departure,Air Europa,landed,CES4553,4553,2,C48,MAD,2019-07-24 15:00:00,22.0,FCO,2019-07-24 17:25:00,22.0
693,Air Europa,UX,departure,,landed,AEA1047,1047,2,C48,MAD,2019-07-24 15:00:00,22.0,FCO,2019-07-24 17:25:00,22.0
694,American Airlines,AA,departure,Iberia,landed,AAL8657,8657,4,,MAD,2019-07-24 16:00:00,3.0,BIO,2019-07-24 17:00:00,9.0
695,SA AVIANCA,AV,departure,Iberia,landed,AVA6028,6028,4,,MAD,2019-07-24 16:00:00,3.0,BIO,2019-07-24 17:00:00,9.0
696,British Airways,BA,departure,Iberia,landed,BAW7242,7242,4,,MAD,2019-07-24 16:00:00,3.0,BIO,2019-07-24 17:00:00,9.0
697,Air France,AF,departure,Air Europa,landed,AFR4818,4818,2,C40,MAD,2019-07-24 15:05:00,17.0,LPA,2019-07-24 17:00:00,11.0
698,LATAM Airlines,LA,departure,Iberia,landed,LAN7086,7086,4,,MAD,2019-07-24 16:00:00,3.0,BIO,2019-07-24 17:00:00,9.0
699,Qatar Airways,QR,departure,Iberia,landed,QTR6914,6914,4,,MAD,2019-07-24 16:00:00,3.0,BIO,2019-07-24 17:00:00,9.0
700,Iberia,IB,departure,,landed,IBE438,438,4,,MAD,2019-07-24 16:00:00,3.0,BIO,2019-07-24 17:00:00,9.0
701,Aeromexico,AM,departure,Air Europa,landed,AMX6837,6837,2,C40,MAD,2019-07-24 15:05:00,17.0,LPA,2019-07-24 17:00:00,11.0
702,Iberia,IB,departure,Iberia Express,landed,IBE3724,3724,4,,MAD,2019-07-24 15:55:00,14.0,AMS,2019-07-24 18:35:00,40.0
703,LATAM Airlines,LA,departure,Iberia Express,landed,LAN7089,7089,4,,MAD,2019-07-24 15:55:00,14.0,AMS,2019-07-24 18:35:00,40.0
704,Iberia Express,I2,departure,,landed,IBS3724,3724,4,,MAD,2019-07-24 15:55:00,14.0,AMS,2019-07-24 18:35:00,40.0
705,Alitalia,AZ,departure,Air Europa,landed,AZA2401,2401,2,C40,MAD,2019-07-24 15:05:00,17.0,LPA,2019-07-24 17:00:00,11.0
706,American Airlines,AA,departure,Iberia,landed,AAL8819,8819,4,J44,MAD,2019-07-24 15:55:00,15.0,MUC,2019-07-24 18:30:00,3.0
707,Air Baltic,BT,departure,Iberia,landed,BTI5170,5170,4,J44,MAD,2019-07-24 15:55:00,15.0,MUC,2019-07-24 18:30:00,3.0
708,LATAM Airlines,LA,departure,Iberia,landed,LAN5398,5398,4,J44,MAD,2019-07-24 15:55:00,15.0,MUC,2019-07-24 18:30:00,3.0
709,BoA,OB,departure,Iberia,landed,BOV5314,5314,4,J44,MAD,2019-07-24 15:55:00,15.0,MUC,2019-07-24 18:30:00,3.0
710,Etihad Airways,EY,departure,Air Europa,landed,ETD4397,4397,2,C40,MAD,2019-07-24 15:05:00,17.0,LPA,2019-07-24 17:00:00,11.0
711,Iberia,IB,departure,,landed,IBE3192,3192,4,J44,MAD,2019-07-24 15:55:00,15.0,MUC,2019-07-24 18:30:00,3.0
712,KLM,KL,departure,Air Europa,landed,KLM3348,3348,2,C40,MAD,2019-07-24 15:05:00,17.0,LPA,2019-07-24 17:00:00,11.0
713,Iberia,IB,departure,,landed,IBE3268,3268,4,J48,MAD,2019-07-24 16:05:00,7.0,HAM,2019-07-24 19:00:00,9.0
714,American Airlines,AA,departure,Air Nostrum,landed,AAL8554,8554,4,K84,MAD,2019-07-24 16:00:00,15.0,BLQ,2019-07-24 18:15:00,50.0
715,Iberia,IB,departure,Air Nostrum,landed,IBE8786,8786,4,K84,MAD,2019-07-24 16:00:00,15.0,BLQ,2019-07-24 18:15:00,50.0
716,Air Nostrum,YW,departure,,landed,ANE8786,8786,4,K84,MAD,2019-07-24 16:00:00,15.0,BLQ,2019-07-24 18:15:00,50.0
717,TAROM,RO,departure,Air Europa,landed,ROT9447,9447,2,C40,MAD,2019-07-24 15:05:00,17.0,LPA,2019-07-24 17:00:00,11.0
718,El Al,LY,departure,Iberia,landed,ELY8396,8396,4S,S37,MAD,2019-07-24 16:10:00,5.0,TLV,2019-07-24 21:55:00,1.0
719,Iberia,IB,departure,,landed,IBE3316,3316,4S,S37,MAD,2019-07-24 16:10:00,5.0,TLV,2019-07-24 21:55:00,1.0
720,Iberia,IB,departure,Iberia Express,landed,IBE3696,3696,4,,MAD,2019-07-24 16:10:00,5.0,PMO,2019-07-24 18:40:00,2.0
721,Aeroflot,SU,departure,Air Europa,landed,AFL3655,3655,2,C40,MAD,2019-07-24 15:05:00,17.0,LPA,2019-07-24 17:00:00,11.0
722,Iberia Express,I2,departure,,landed,IBS3696,3696,4,,MAD,2019-07-24 16:10:00,5.0,PMO,2019-07-24 18:40:00,2.0
723,American Airlines,AA,departure,Air Nostrum,landed,AAL8616,8616,4,K89,MAD,2019-07-24 16:10:00,6.0,VLC,2019-07-24 17:10:00,0.0
724,SA AVIANCA,AV,departure,Air Nostrum,landed,AVA6188,6188,4,K89,MAD,2019-07-24 16:10:00,6.0,VLC,2019-07-24 17:10:00,0.0
725,Qatar Airways,QR,departure,Air Nostrum,landed,QTR5088,5088,4,K89,MAD,2019-07-24 16:10:00,6.0,VLC,2019-07-24 17:10:00,0.0
726,Turkish Airlines,TK,departure,Air Europa,landed,THY9396,9396,2,C40,MAD,2019-07-24 15:05:00,17.0,LPA,2019-07-24 17:00:00,11.0
727,Iberia,IB,departure,Air Nostrum,landed,IBE8972,8972,4,K89,MAD,2019-07-24 16:10:00,6.0,VLC,2019-07-24 17:10:00,0.0
728,Air Nostrum,YW,departure,,landed,ANE8972,8972,4,K89,MAD,2019-07-24 16:10:00,6.0,VLC,2019-07-24 17:10:00,0.0
729,American Airlines,AA,departure,Air Nostrum,landed,AAL8579,8579,4,K88,MAD,2019-07-24 16:05:00,13.0,SDR,2019-07-24 17:10:00,7.0
730,Air Europa,UX,departure,,landed,AEA9164,9164,2,C40,MAD,2019-07-24 15:05:00,17.0,LPA,2019-07-24 17:00:00,11.0
731,Iberia,IB,departure,Air Nostrum,landed,IBE8600,8600,4,K88,MAD,2019-07-24 16:05:00,13.0,SDR,2019-07-24 17:10:00,7.0
732,Air Nostrum,YW,departure,,landed,ANE8600,8600,4,K88,MAD,2019-07-24 16:05:00,13.0,SDR,2019-07-24 17:10:00,7.0
733,American Airlines,AA,departure,Air Nostrum,landed,AAL8535,8535,4,K66,MAD,2019-07-24 16:20:00,0.0,BOD,2019-07-24 17:40:00,0.0
734,Cathay Pacific,CX,departure,Air Nostrum,landed,CPA1880,1880,4,K66,MAD,2019-07-24 16:20:00,0.0,BOD,2019-07-24 17:40:00,0.0
735,ANA,NH,departure,Lufthansa,landed,ANA6096,6096,2,E67,MAD,2019-07-24 15:15:00,9.0,MUC,2019-07-24 17:40:00,5.0
736,Iberia,IB,departure,Air Nostrum,landed,IBE8550,8550,4,K66,MAD,2019-07-24 16:20:00,0.0,BOD,2019-07-24 17:40:00,0.0
737,Air Nostrum,YW,departure,,landed,ANE8550,8550,4,K66,MAD,2019-07-24 16:20:00,0.0,BOD,2019-07-24 17:40:00,0.0
738,American Airlines,AA,departure,Iberia,landed,AAL8804,8804,4,,MAD,2019-07-24 15:45:00,36.0,LCG,2019-07-24 17:00:00,33.0
739,SA AVIANCA,AV,departure,Iberia,landed,AVA6036,6036,4,,MAD,2019-07-24 15:45:00,36.0,LCG,2019-07-24 17:00:00,33.0
740,Austrian,OS,departure,Lufthansa,landed,AUA7450,7450,2,E67,MAD,2019-07-24 15:15:00,9.0,MUC,2019-07-24 17:40:00,5.0
741,British Airways,BA,departure,Iberia,landed,BAW7106,7106,4,,MAD,2019-07-24 15:45:00,36.0,LCG,2019-07-24 17:00:00,33.0
742,LATAM Airlines,LA,departure,Iberia,landed,LAN7039,7039,4,,MAD,2019-07-24 15:45:00,36.0,LCG,2019-07-24 17:00:00,33.0
743,Qatar Airways,QR,departure,Iberia,landed,QTR6888,6888,4,,MAD,2019-07-24 15:45:00,36.0,LCG,2019-07-24 17:00:00,33.0
744,South African Airways,SA,departure,Lufthansa,landed,SAA7547,7547,2,E67,MAD,2019-07-24 15:15:00,9.0,MUC,2019-07-24 17:40:00,5.0
745,Iberia,IB,departure,,landed,IBE524,524,4,,MAD,2019-07-24 15:45:00,36.0,LCG,2019-07-24 17:00:00,33.0
746,American Airlines,AA,departure,Air Nostrum,landed,AAL8604,8604,4,K96,MAD,2019-07-24 15:50:00,31.0,AGP,2019-07-24 17:00:00,26.0
747,British Airways,BA,departure,Air Nostrum,landed,BAW7126,7126,4,K96,MAD,2019-07-24 15:50:00,31.0,AGP,2019-07-24 17:00:00,26.0
748,Oman Air,WY,departure,Lufthansa,landed,OMA5013,5013,2,E67,MAD,2019-07-24 15:15:00,9.0,MUC,2019-07-24 17:40:00,5.0
749,Qatar Airways,QR,departure,Air Nostrum,landed,QTR6867,6867,4,K96,MAD,2019-07-24 15:50:00,31.0,AGP,2019-07-24 17:00:00,26.0
750,Iberia,IB,departure,Air Nostrum,landed,IBE8810,8810,4,K96,MAD,2019-07-24 15:50:00,31.0,AGP,2019-07-24 17:00:00,26.0
751,Lufthansa,LH,departure,,landed,DLH1803,1803,2,E67,MAD,2019-07-24 15:15:00,9.0,MUC,2019-07-24 17:40:00,5.0
752,Air Nostrum,YW,departure,,landed,ANE8810,8810,4,K96,MAD,2019-07-24 15:50:00,31.0,AGP,2019-07-24 17:00:00,26.0
753,American Airlines,AA,departure,Air Nostrum,landed,AAL8536,8536,4,K94,MAD,2019-07-24 15:25:00,0.0,TLS,2019-07-24 16:45:00,0.0
754,Iberia,IB,departure,Air Nostrum,landed,IBE8770,8770,4,K94,MAD,2019-07-24 15:25:00,0.0,TLS,2019-07-24 16:45:00,0.0
755,Air Nostrum,YW,departure,,landed,ANE8770,8770,4,K94,MAD,2019-07-24 15:25:00,0.0,TLS,2019-07-24 16:45:00,0.0
756,Aeromexico,AM,departure,Air Europa,landed,AMX6955,6955,2,D54,MAD,2019-07-24 15:10:00,18.0,FRA,2019-07-24 17:50:00,21.0
757,Etihad Airways,EY,departure,Air Europa,landed,ETD4373,4373,2,D54,MAD,2019-07-24 15:10:00,18.0,FRA,2019-07-24 17:50:00,21.0
758,Air Serbia,JU,departure,Air Europa,landed,ASL7427,7427,2,D54,MAD,2019-07-24 15:10:00,18.0,FRA,2019-07-24 17:50:00,21.0
759,Air Europa,UX,departure,,landed,AEA1509,1509,2,D54,MAD,2019-07-24 15:10:00,18.0,FRA,2019-07-24 17:50:00,21.0
760,Ryanair,FR,departure,,landed,RYR2053,2053,1,C36,MAD,2019-07-24 15:30:00,0.0,PMI,2019-07-24 17:05:00,0.0
761,Air France,AF,departure,Air Europa,landed,AFR4814,4814,2,D56,MAD,2019-07-24 15:00:00,31.0,TFN,2019-07-24 16:55:00,14.0
762,Aeromexico,AM,departure,Air Europa,landed,AMX6825,6825,2,D56,MAD,2019-07-24 15:00:00,31.0,TFN,2019-07-24 16:55:00,14.0
763,Alitalia,AZ,departure,Air Europa,landed,AZA2426,2426,2,D56,MAD,2019-07-24 15:00:00,31.0,TFN,2019-07-24 16:55:00,14.0
764,KLM,KL,departure,Air Europa,landed,KLM3389,3389,2,D56,MAD,2019-07-24 15:00:00,31.0,TFN,2019-07-24 16:55:00,14.0
765,TAROM,RO,departure,Air Europa,landed,ROT9449,9449,2,D56,MAD,2019-07-24 15:00:00,31.0,TFN,2019-07-24 16:55:00,14.0
766,Aeroflot,SU,departure,Air Europa,landed,AFL3671,3671,2,D56,MAD,2019-07-24 15:00:00,31.0,TFN,2019-07-24 16:55:00,14.0
767,Air Europa,UX,departure,,landed,AEA9048,9048,2,D56,MAD,2019-07-24 15:00:00,31.0,TFN,2019-07-24 16:55:00,14.0
768,Iberia,IB,departure,Iberia Express,landed,IBE3630,3630,4,,MAD,2019-07-24 15:35:00,0.0,NCE,2019-07-24 17:35:00,0.0
