,codeshared,flight,status,type,airln_name,airln_code,arri_delay,arri_airpt,schd_arri_time,depart_delay,depart_airpt,schd_depart_time,depart_gate,depart_terminal,icaonumb
0,Vueling,5825,landed,departure,Iberia,IB,,IBZ,2019-07-24T20:50:00.000,12,MAD,2019-07-24T19:30:00.000,J42,4,IBE5825
1,,3425,landed,departure,Vueling,VY,,IBZ,2019-07-24T20:50:00.000,12,MAD,2019-07-24T19:30:00.000,J42,4,VLG3425
2,Iberia,6957,landed,departure,JAL,JL,,LIS,2019-07-24T20:00:00.000,9,MAD,2019-07-24T19:35:00.000,K69,4,JAL6957
3,Iberia,7149,landed,departure,LATAM Airlines,LA,,LIS,2019-07-24T20:00:00.000,9,MAD,2019-07-24T19:35:00.000,K69,4,LAN7149
4,Iberia,6875,landed,departure,Qatar Airways,QR,,LIS,2019-07-24T20:00:00.000,9,MAD,2019-07-24T19:35:00.000,K69,4,QTR6875
5,,3106,landed,departure,Iberia,IB,,LIS,2019-07-24T20:00:00.000,9,MAD,2019-07-24T19:35:00.000,K69,4,IBE3106
6,Iberia,7112,landed,departure,British Airways,BA,,OPO,2019-07-24T19:55:00.000,4,MAD,2019-07-24T19:40:00.000,H18,4,BAW7112
7,Iberia,6983,landed,departure,JAL,JL,,OPO,2019-07-24T19:55:00.000,4,MAD,2019-07-24T19:40:00.000,H18,4,JAL6983
8,Iberia,6901,landed,departure,Qatar Airways,QR,,OPO,2019-07-24T19:55:00.000,4,MAD,2019-07-24T19:40:00.000,H18,4,QTR6901
9,,3096,landed,departure,Iberia,IB,,OPO,2019-07-24T19:55:00.000,4,MAD,2019-07-24T19:40:00.000,H18,4,IBE3096
10,,3056,landed,departure,Ryanair,FR,28,MAH,2019-07-24T20:40:00.000,42,MAD,2019-07-24T19:05:00.000,C38,1,RYR3056
11,Iberia,6035,landed,departure,SA AVIANCA,AV,,LCG,2019-07-24T21:00:00.000,2,MAD,2019-07-24T19:45:00.000,,4,AVA6035
12,Iberia,7108,landed,departure,British Airways,BA,,LCG,2019-07-24T21:00:00.000,2,MAD,2019-07-24T19:45:00.000,,4,BAW7108
13,Iberia,7051,landed,departure,LATAM Airlines,LA,,LCG,2019-07-24T21:00:00.000,2,MAD,2019-07-24T19:45:00.000,,4,LAN7051
14,Iberia,6966,landed,departure,Qatar Airways,QR,,LCG,2019-07-24T21:00:00.000,2,MAD,2019-07-24T19:45:00.000,,4,QTR6966
15,,522,landed,departure,Iberia,IB,,LCG,2019-07-24T21:00:00.000,2,MAD,2019-07-24T19:45:00.000,,4,IBE522
16,Air Europa,6838,landed,departure,Aeromexico,AM,13,BIO,2019-07-24T20:35:00.000,18,MAD,2019-07-24T19:30:00.000,E81,2,AMX6838
17,Air Europa,7346,landed,departure,Aerolineas Argentinas,AR,13,BIO,2019-07-24T20:35:00.000,18,MAD,2019-07-24T19:30:00.000,E81,2,ARG7346
18,Air Europa,2466,landed,departure,Alitalia,AZ,13,BIO,2019-07-24T20:35:00.000,18,MAD,2019-07-24T19:30:00.000,E81,2,AZA2466
19,Air Europa,3323,landed,departure,KLM,KL,13,BIO,2019-07-24T20:35:00.000,18,MAD,2019-07-24T19:30:00.000,E81,2,KLM3323
20,,7159,landed,departure,Air Europa,UX,13,BIO,2019-07-24T20:35:00.000,18,MAD,2019-07-24T19:30:00.000,E81,2,AEA7159
21,Air Nostrum,8629,landed,departure,American Airlines,AA,,BIO,2019-07-24T20:45:00.000,6,MAD,2019-07-24T19:45:00.000,K80,4,AAL8629
22,Air Nostrum,8580,landed,departure,Iberia,IB,,BIO,2019-07-24T20:45:00.000,6,MAD,2019-07-24T19:45:00.000,K80,4,IBE8580
23,,8580,landed,departure,Air Nostrum,YW,,BIO,2019-07-24T20:45:00.000,6,MAD,2019-07-24T19:45:00.000,K80,4,ANE8580
24,Iberia Express,6128,landed,departure,SA AVIANCA,AV,10,SCQ,2019-07-24T21:00:00.000,2,MAD,2019-07-24T19:50:00.000,,4,AVA6128
25,Iberia Express,7134,landed,departure,British Airways,BA,10,SCQ,2019-07-24T21:00:00.000,2,MAD,2019-07-24T19:50:00.000,,4,BAW7134
26,Iberia Express,3880,landed,departure,Iberia,IB,10,SCQ,2019-07-24T21:00:00.000,2,MAD,2019-07-24T19:50:00.000,,4,IBE3880
27,Iberia Express,6973,landed,departure,JAL,JL,10,SCQ,2019-07-24T21:00:00.000,2,MAD,2019-07-24T19:50:00.000,,4,JAL6973
28,Iberia Express,7048,landed,departure,LATAM Airlines,LA,10,SCQ,2019-07-24T21:00:00.000,2,MAD,2019-07-24T19:50:00.000,,4,LAN7048
29,,3880,landed,departure,Iberia Express,I2,10,SCQ,2019-07-24T21:00:00.000,2,MAD,2019-07-24T19:50:00.000,,4,IBS3880
30,Iberia,6052,landed,departure,SA AVIANCA,AV,2,OVD,2019-07-24T21:05:00.000,4,MAD,2019-07-24T19:55:00.000,,4,AVA6052
31,Iberia,7184,landed,departure,British Airways,BA,2,OVD,2019-07-24T21:05:00.000,4,MAD,2019-07-24T19:55:00.000,,4,BAW7184
32,Iberia,7050,landed,departure,LATAM Airlines,LA,2,OVD,2019-07-24T21:05:00.000,4,MAD,2019-07-24T19:55:00.000,,4,LAN7050
33,Iberia,6575,landed,departure,Qatar Airways,QR,2,OVD,2019-07-24T21:05:00.000,4,MAD,2019-07-24T19:55:00.000,,4,QTR6575
34,,480,landed,departure,Iberia,IB,2,OVD,2019-07-24T21:05:00.000,4,MAD,2019-07-24T19:55:00.000,,4,IBE480
35,Iberia,6941,landed,departure,JAL,JL,,BCN,2019-07-24T21:20:00.000,4,MAD,2019-07-24T20:00:00.000,J56,4,JAL6941
36,,2000,landed,departure,Iberia,IB,,BCN,2019-07-24T21:20:00.000,4,MAD,2019-07-24T20:00:00.000,J56,4,IBE2000
37,Air Nostrum,8622,landed,departure,American Airlines,AA,,AGP,2019-07-24T21:10:00.000,5,MAD,2019-07-24T20:00:00.000,K93,4,AAL8622
38,Air Nostrum,6102,landed,departure,SA AVIANCA,AV,,AGP,2019-07-24T21:10:00.000,5,MAD,2019-07-24T20:00:00.000,K93,4,AVA6102
39,Air Nostrum,6868,landed,departure,Qatar Airways,QR,,AGP,2019-07-24T21:10:00.000,5,MAD,2019-07-24T20:00:00.000,K93,4,QTR6868
40,Air Nostrum,8820,landed,departure,Iberia,IB,,AGP,2019-07-24T21:10:00.000,5,MAD,2019-07-24T20:00:00.000,K93,4,IBE8820
41,,8820,landed,departure,Air Nostrum,YW,,AGP,2019-07-24T21:10:00.000,5,MAD,2019-07-24T20:00:00.000,K93,4,ANE8820
42,Air Nostrum,8583,landed,departure,American Airlines,AA,,ALC,2019-07-24T21:20:00.000,1,MAD,2019-07-24T20:15:00.000,K72,4,AAL8583
43,Air Nostrum,7124,landed,departure,British Airways,BA,,ALC,2019-07-24T21:20:00.000,1,MAD,2019-07-24T20:15:00.000,K72,4,BAW7124
44,Air Nostrum,6881,landed,departure,Qatar Airways,QR,,ALC,2019-07-24T21:20:00.000,1,MAD,2019-07-24T20:15:00.000,K72,4,QTR6881
45,Air Nostrum,8396,landed,departure,Iberia,IB,,ALC,2019-07-24T21:20:00.000,1,MAD,2019-07-24T20:15:00.000,K72,4,IBE8396
46,,8396,landed,departure,Air Nostrum,YW,,ALC,2019-07-24T21:20:00.000,1,MAD,2019-07-24T20:15:00.000,K72,4,ANE8396
47,Air Nostrum,8601,landed,departure,American Airlines,AA,4,LYS,2019-07-24T18:25:00.000,,MAD,2019-07-24T16:40:00.000,K64,4,AAL8601
48,Air Nostrum,8710,landed,departure,Iberia,IB,4,LYS,2019-07-24T18:25:00.000,,MAD,2019-07-24T16:40:00.000,K64,4,IBE8710
49,Air Europa,2460,landed,departure,Alitalia,AZ,10,VGO,2019-07-24T20:00:00.000,15,MAD,2019-07-24T18:50:00.000,E80,2,AZA2460
50,,8710,landed,departure,Air Nostrum,YW,4,LYS,2019-07-24T18:25:00.000,,MAD,2019-07-24T16:40:00.000,K64,4,ANE8710
51,Iberia,8754,landed,departure,American Airlines,AA,39,MXP,2019-07-24T18:05:00.000,51,MAD,2019-07-24T15:50:00.000,M40,4S,AAL8754
52,Iberia,7110,landed,departure,LATAM Airlines,LA,39,MXP,2019-07-24T18:05:00.000,51,MAD,2019-07-24T15:50:00.000,M40,4S,LAN7110
53,Iberia,5214,landed,departure,BoA,OB,39,MXP,2019-07-24T18:05:00.000,51,MAD,2019-07-24T15:50:00.000,M40,4S,BOV5214
54,Air Europa,3343,landed,departure,KLM,KL,10,VGO,2019-07-24T20:00:00.000,15,MAD,2019-07-24T18:50:00.000,E80,2,KLM3343
55,,3254,landed,departure,Iberia,IB,39,MXP,2019-07-24T18:05:00.000,51,MAD,2019-07-24T15:50:00.000,M40,4S,IBE3254
56,,3334,landed,departure,Iberia,IB,2,FLR,2019-07-24T19:45:00.000,8,MAD,2019-07-24T17:25:00.000,J58,4,IBE3334
57,,7306,landed,departure,Air Europa,UX,10,VGO,2019-07-24T20:00:00.000,15,MAD,2019-07-24T18:50:00.000,E80,2,AEA7306
58,,8278,landed,departure,easyJet,U2,11,LGW,2019-07-24T18:00:00.000,11,MAD,2019-07-24T16:35:00.000,A14,1,EZY8278
59,Air France,7463,landed,departure,China Southern Airlines,CZ,,CDG,2019-07-24T19:45:00.000,,MAD,2019-07-24T17:40:00.000,E75,2,CSN7463
60,,5432,landed,departure,Ryanair,FR,,PMI,2019-07-24T20:30:00.000,5,MAD,2019-07-24T19:00:00.000,C42,1,RYR5432
61,Air France,5261,landed,departure,Gol,G3,,CDG,2019-07-24T19:45:00.000,,MAD,2019-07-24T17:40:00.000,E75,2,GLO5261
62,Air France,6378,landed,departure,Korean Air,KE,,CDG,2019-07-24T19:45:00.000,,MAD,2019-07-24T17:40:00.000,E75,2,KAL6378
63,Air Nostrum,8529,landed,departure,American Airlines,AA,29,EAS,2019-07-24T17:30:00.000,40,MAD,2019-07-24T16:10:00.000,K72,4,AAL8529
64,Air France,3185,landed,departure,Kenya Airways,KQ,,CDG,2019-07-24T19:45:00.000,,MAD,2019-07-24T17:40:00.000,E75,2,KQA3185
65,Air France,9561,landed,departure,Air Mauritius,MK,,CDG,2019-07-24T19:45:00.000,,MAD,2019-07-24T17:40:00.000,E75,2,MAU9561
66,Air Nostrum,6577,landed,departure,Qatar Airways,QR,29,EAS,2019-07-24T17:30:00.000,40,MAD,2019-07-24T16:10:00.000,K72,4,QTR6577
67,Air Nostrum,8318,landed,departure,Iberia,IB,29,EAS,2019-07-24T17:30:00.000,40,MAD,2019-07-24T16:10:00.000,K72,4,IBE8318
68,Air France,8801,landed,departure,Air Austral,UU,,CDG,2019-07-24T19:45:00.000,,MAD,2019-07-24T17:40:00.000,E75,2,REU8801
69,,8318,landed,departure,Air Nostrum,YW,29,EAS,2019-07-24T17:30:00.000,40,MAD,2019-07-24T16:10:00.000,K72,4,ANE8318
70,Vueling,5358,landed,departure,Iberia,IB,19,BCN,2019-07-24T20:20:00.000,27,MAD,2019-07-24T19:00:00.000,J48,4,IBE5358
71,Air France,2234,landed,departure,Air Europa,UX,,CDG,2019-07-24T19:45:00.000,,MAD,2019-07-24T17:40:00.000,E75,2,AEA2234
72,,1900,landed,departure,Vueling,VY,19,BCN,2019-07-24T20:20:00.000,27,MAD,2019-07-24T19:00:00.000,J48,4,VLG1900
73,Air Nostrum,8522,landed,departure,American Airlines,AA,,LEI,2019-07-24T18:00:00.000,2,MAD,2019-07-24T16:50:00.000,K92,4,AAL8522
74,,1801,landed,departure,Air France,AF,,CDG,2019-07-24T19:45:00.000,,MAD,2019-07-24T17:40:00.000,E75,2,AFR1801
75,Air Nostrum,7196,landed,departure,British Airways,BA,,LEI,2019-07-24T18:00:00.000,2,MAD,2019-07-24T16:50:00.000,K92,4,BAW7196
76,Iberia Express,6082,landed,departure,SA AVIANCA,AV,7,PMI,2019-07-24T20:45:00.000,2,MAD,2019-07-24T19:25:00.000,,4,AVA6082
77,Iberia Express,7160,landed,departure,British Airways,BA,7,PMI,2019-07-24T20:45:00.000,2,MAD,2019-07-24T19:25:00.000,,4,BAW7160
78,Air Nostrum,6936,landed,departure,Qatar Airways,QR,,LEI,2019-07-24T18:00:00.000,2,MAD,2019-07-24T16:50:00.000,K92,4,QTR6936
79,Iberia Express,3920,landed,departure,Iberia,IB,7,PMI,2019-07-24T20:45:00.000,2,MAD,2019-07-24T19:25:00.000,,4,IBE3920
80,Iberia Express,5446,landed,departure,LATAM Airlines,LA,7,PMI,2019-07-24T20:45:00.000,2,MAD,2019-07-24T19:25:00.000,,4,LAN5446
81,Iberia Express,6998,landed,departure,Qatar Airways,QR,7,PMI,2019-07-24T20:45:00.000,2,MAD,2019-07-24T19:25:00.000,,4,QTR6998
82,,3920,landed,departure,Iberia Express,I2,7,PMI,2019-07-24T20:45:00.000,2,MAD,2019-07-24T19:25:00.000,,4,IBS3920
83,Air Nostrum,8592,landed,departure,Iberia,IB,,LEI,2019-07-24T18:00:00.000,2,MAD,2019-07-24T16:50:00.000,K92,4,IBE8592
84,Royal Air Maroc,1970,landed,departure,Iberia,IB,,CMN,2019-07-24T20:20:00.000,,MAD,2019-07-24T19:30:00.000,S34,4S,IBE1970
85,,8592,landed,departure,Air Nostrum,YW,,LEI,2019-07-24T18:00:00.000,2,MAD,2019-07-24T16:50:00.000,K92,4,ANE8592
86,,2204,landed,departure,easyJet,U2,2,LTN,2019-07-24T19:00:00.000,10,MAD,2019-07-24T17:30:00.000,A4,1,EZY2204
87,,971,landed,departure,Royal Air Maroc,AT,,CMN,2019-07-24T20:20:00.000,,MAD,2019-07-24T19:30:00.000,S34,4S,RAM971
88,Iberia Express,8766,landed,departure,American Airlines,AA,,ACE,2019-07-24T19:35:00.000,,MAD,2019-07-24T18:00:00.000,,4,AAL8766
89,Iberia Express,3812,landed,departure,Iberia,IB,,IBZ,2019-07-24T20:40:00.000,,MAD,2019-07-24T19:30:00.000,,4,IBE3812
90,Iberia Express,3854,landed,departure,Iberia,IB,,ACE,2019-07-24T19:35:00.000,,MAD,2019-07-24T18:00:00.000,,4,IBE3854
91,,3812,landed,departure,Iberia Express,I2,,IBZ,2019-07-24T20:40:00.000,,MAD,2019-07-24T19:30:00.000,,4,IBS3812
92,,3854,landed,departure,Iberia Express,I2,,ACE,2019-07-24T19:35:00.000,,MAD,2019-07-24T18:00:00.000,,4,IBS3854
93,,5382,landed,departure,Ryanair,FR,,MLA,2019-07-24T20:40:00.000,,MAD,2019-07-24T18:00:00.000,D56,2,RYR5382
94,Air Nostrum,8519,landed,departure,American Airlines,AA,,SVQ,2019-07-24T20:40:00.000,,MAD,2019-07-24T19:35:00.000,K95,4,AAL8519
95,,1800,landed,departure,Iberia,IB,,BCN,2019-07-24T19:15:00.000,,MAD,2019-07-24T18:00:00.000,J46,4,IBE1800
96,Air Nostrum,8628,landed,departure,American Airlines,AA,10,MRS,2019-07-24T18:30:00.000,3,MAD,2019-07-24T16:50:00.000,K93,4,AAL8628
97,Air Nostrum,6531,landed,departure,Qatar Airways,QR,,SVQ,2019-07-24T20:40:00.000,,MAD,2019-07-24T19:35:00.000,K95,4,QTR6531
98,Air Nostrum,8518,landed,departure,Iberia,IB,,SVQ,2019-07-24T20:40:00.000,,MAD,2019-07-24T19:35:00.000,K95,4,IBE8518
99,Air Nostrum,8916,landed,departure,Iberia,IB,10,MRS,2019-07-24T18:30:00.000,3,MAD,2019-07-24T16:50:00.000,K93,4,IBE8916
100,,9966,landed,departure,Ryanair,FR,,PMO,2019-07-24T20:45:00.000,,MAD,2019-07-24T18:10:00.000,C49,2,RYR9966
101,,8518,landed,departure,Air Nostrum,YW,,SVQ,2019-07-24T20:40:00.000,,MAD,2019-07-24T19:35:00.000,K95,4,ANE8518
102,,8916,landed,departure,Air Nostrum,YW,10,MRS,2019-07-24T18:30:00.000,3,MAD,2019-07-24T16:50:00.000,K93,4,ANE8916
103,Air Nostrum,8552,landed,departure,Iberia,IB,,BOD,2019-07-24T20:55:00.000,,MAD,2019-07-24T19:35:00.000,K94,4,IBE8552
104,,8552,landed,departure,Air Nostrum,YW,,BOD,2019-07-24T20:55:00.000,,MAD,2019-07-24T19:35:00.000,K94,4,ANE8552
105,Air Nostrum,7228,landed,departure,British Airways,BA,,PNA,2019-07-24T20:35:00.000,1,MAD,2019-07-24T19:35:00.000,K89,4,BAW7228
106,Air Nostrum,5079,landed,departure,Qatar Airways,QR,,PNA,2019-07-24T20:35:00.000,1,MAD,2019-07-24T19:35:00.000,K89,4,QTR5079
107,Iberia Express,8780,landed,departure,American Airlines,AA,5,TFN,2019-07-24T18:40:00.000,3,MAD,2019-07-24T16:50:00.000,,4,AAL8780
108,Iberia Express,3740,landed,departure,Iberia,IB,11,CDG,2019-07-24T19:55:00.000,14,MAD,2019-07-24T17:55:00.000,,4,IBE3740
109,Air Nostrum,8532,landed,departure,Iberia,IB,,PNA,2019-07-24T20:35:00.000,1,MAD,2019-07-24T19:35:00.000,K89,4,IBE8532
110,,8532,landed,departure,Air Nostrum,YW,,PNA,2019-07-24T20:35:00.000,1,MAD,2019-07-24T19:35:00.000,K89,4,ANE8532
111,Iberia Express,6132,landed,departure,SA AVIANCA,AV,5,TFN,2019-07-24T18:40:00.000,3,MAD,2019-07-24T16:50:00.000,,4,AVA6132
112,,5484,landed,departure,Ryanair,FR,9,OPO,2019-07-24T20:00:00.000,,MAD,2019-07-24T19:40:00.000,C45,2,RYR5484
113,Iberia Express,7044,landed,departure,LATAM Airlines,LA,11,CDG,2019-07-24T19:55:00.000,14,MAD,2019-07-24T17:55:00.000,,4,LAN7044
114,Iberia,6061,landed,departure,SA AVIANCA,AV,,VGO,2019-07-24T20:55:00.000,,MAD,2019-07-24T19:40:00.000,,4,AVA6061
115,Iberia,7210,landed,departure,British Airways,BA,,VGO,2019-07-24T20:55:00.000,,MAD,2019-07-24T19:40:00.000,,4,BAW7210
116,Iberia Express,7094,landed,departure,British Airways,BA,5,TFN,2019-07-24T18:40:00.000,3,MAD,2019-07-24T16:50:00.000,,4,BAW7094
117,,3740,landed,departure,Iberia Express,I2,11,CDG,2019-07-24T19:55:00.000,14,MAD,2019-07-24T17:55:00.000,,4,IBS3740
118,Iberia,6965,landed,departure,JAL,JL,,VGO,2019-07-24T20:55:00.000,,MAD,2019-07-24T19:40:00.000,,4,JAL6965
119,Iberia,7052,landed,departure,LATAM Airlines,LA,,VGO,2019-07-24T20:55:00.000,,MAD,2019-07-24T19:40:00.000,,4,LAN7052
120,Iberia Express,3944,landed,departure,Iberia,IB,5,TFN,2019-07-24T18:40:00.000,3,MAD,2019-07-24T16:50:00.000,,4,IBE3944
121,Air Nostrum,6549,landed,departure,Qatar Airways,QR,,BJZ,2019-07-24T19:20:00.000,,MAD,2019-07-24T18:15:00.000,K72,4,QTR6549
122,Iberia,6984,landed,departure,Qatar Airways,QR,,VGO,2019-07-24T20:55:00.000,,MAD,2019-07-24T19:40:00.000,,4,QTR6984
123,,538,landed,departure,Iberia,IB,,VGO,2019-07-24T20:55:00.000,,MAD,2019-07-24T19:40:00.000,,4,IBE538
124,Air Nostrum,8338,landed,departure,Iberia,IB,,BJZ,2019-07-24T19:20:00.000,,MAD,2019-07-24T18:15:00.000,K72,4,IBE8338
125,Air Nostrum,6104,landed,departure,SA AVIANCA,AV,,VLC,2019-07-24T20:35:00.000,4,MAD,2019-07-24T19:35:00.000,K98,4,AVA6104
126,Air Nostrum,6904,landed,departure,Qatar Airways,QR,,VLC,2019-07-24T20:35:00.000,4,MAD,2019-07-24T19:35:00.000,K98,4,QTR6904
127,Iberia Express,7049,landed,departure,LATAM Airlines,LA,5,TFN,2019-07-24T18:40:00.000,3,MAD,2019-07-24T16:50:00.000,,4,LAN7049
128,,8338,landed,departure,Air Nostrum,YW,,BJZ,2019-07-24T19:20:00.000,,MAD,2019-07-24T18:15:00.000,K72,4,ANE8338
129,Air Nostrum,8980,landed,departure,Iberia,IB,,VLC,2019-07-24T20:35:00.000,4,MAD,2019-07-24T19:35:00.000,K98,4,IBE8980
130,,8980,landed,departure,Air Nostrum,YW,,VLC,2019-07-24T20:35:00.000,4,MAD,2019-07-24T19:35:00.000,K98,4,ANE8980
131,,3944,landed,departure,Iberia Express,I2,5,TFN,2019-07-24T18:40:00.000,3,MAD,2019-07-24T16:50:00.000,,4,IBS3944
132,,7614,landed,departure,easyJet,U2,20,LIS,2019-07-24T18:20:00.000,20,MAD,2019-07-24T18:00:00.000,,1,EZY7614
133,Air Nostrum,8504,landed,departure,American Airlines,AA,12,NTE,2019-07-24T18:20:00.000,15,MAD,2019-07-24T16:40:00.000,M33,4S,AAL8504
134,Iberia Express,3820,landed,departure,Iberia,IB,,LPA,2019-07-24T20:10:00.000,,MAD,2019-07-24T18:20:00.000,J42,4,IBE3820
135,,3820,landed,departure,Iberia Express,I2,,LPA,2019-07-24T20:10:00.000,,MAD,2019-07-24T18:20:00.000,J42,4,IBS3820
136,Air Nostrum,8546,landed,departure,Iberia,IB,12,NTE,2019-07-24T18:20:00.000,15,MAD,2019-07-24T16:40:00.000,M33,4S,IBE8546
137,,2708,landed,departure,easyJet,U2,69,MXP,2019-07-24T19:25:00.000,62,MAD,2019-07-24T17:20:00.000,,1,EZY2708
138,,8546,landed,departure,Air Nostrum,YW,12,NTE,2019-07-24T18:20:00.000,15,MAD,2019-07-24T16:40:00.000,M33,4S,ANE8546
139,Air France,4105,landed,departure,Flybe,BE,15,CDG,2019-07-24T18:50:00.000,16,MAD,2019-07-24T16:40:00.000,E74,2,BEE4105
140,Air France,5214,landed,departure,Gol,G3,15,CDG,2019-07-24T18:50:00.000,16,MAD,2019-07-24T16:40:00.000,E74,2,GLO5214
141,Air France,3169,landed,departure,Kenya Airways,KQ,15,CDG,2019-07-24T18:50:00.000,16,MAD,2019-07-24T16:40:00.000,E74,2,KQA3169
142,Air France,4994,landed,departure,China Eastern Airlines,MU,15,CDG,2019-07-24T18:50:00.000,16,MAD,2019-07-24T16:40:00.000,E74,2,CES4994
143,Iberia,7200,landed,departure,British Airways,BA,,MLN,2019-07-24T20:15:00.000,,MAD,2019-07-24T18:25:00.000,K93,4,BAW7200
144,Iberia,6570,landed,departure,Qatar Airways,QR,,MLN,2019-07-24T20:15:00.000,,MAD,2019-07-24T18:25:00.000,K93,4,QTR6570
145,Air France,1867,landed,departure,Singapore Airlines,SQ,15,CDG,2019-07-24T18:50:00.000,16,MAD,2019-07-24T16:40:00.000,E74,2,SIA1867
146,,8790,landed,departure,Iberia,IB,,MLN,2019-07-24T20:15:00.000,,MAD,2019-07-24T18:25:00.000,K93,4,IBE8790
147,Air France,8601,landed,departure,Air Austral,UU,15,CDG,2019-07-24T18:50:00.000,16,MAD,2019-07-24T16:40:00.000,E74,2,REU8601
148,British Airways,6281,landed,departure,American Airlines,AA,11,LHR,2019-07-24T19:40:00.000,12,MAD,2019-07-24T18:15:00.000,S21,4S,AAL6281
149,Air France,2231,landed,departure,Air Europa,UX,15,CDG,2019-07-24T18:50:00.000,16,MAD,2019-07-24T16:40:00.000,E74,2,AEA2231
150,British Airways,7463,landed,departure,Iberia,IB,11,LHR,2019-07-24T19:40:00.000,12,MAD,2019-07-24T18:15:00.000,S21,4S,IBE7463
151,,1601,landed,departure,Air France,AF,15,CDG,2019-07-24T18:50:00.000,16,MAD,2019-07-24T16:40:00.000,E74,2,AFR1601
152,British Airways,5481,landed,departure,LATAM Airlines,LA,11,LHR,2019-07-24T19:40:00.000,12,MAD,2019-07-24T18:15:00.000,S21,4S,LAN5481
153,Portugalia Airlines,1711,landed,departure,Aegean Airlines,A3,7,OPO,2019-07-24T16:55:00.000,17,MAD,2019-07-24T16:40:00.000,D64,2,AEE1711
154,,461,landed,departure,British Airways,BA,11,LHR,2019-07-24T19:40:00.000,12,MAD,2019-07-24T18:15:00.000,S21,4S,BAW461
155,Iberia Express,7288,landed,departure,British Airways,BA,1,LGW,2019-07-24T19:50:00.000,,MAD,2019-07-24T18:30:00.000,,4,BAW7288
156,Portugalia Airlines,9065,landed,departure,El Al,LY,7,OPO,2019-07-24T16:55:00.000,17,MAD,2019-07-24T16:40:00.000,D64,2,ELY9065
157,Iberia Express,3718,landed,departure,Iberia,IB,1,LGW,2019-07-24T19:50:00.000,,MAD,2019-07-24T18:30:00.000,,4,IBE3718
158,Portugalia Airlines,8757,landed,departure,Azores Airlines,S4,7,OPO,2019-07-24T16:55:00.000,17,MAD,2019-07-24T16:40:00.000,D64,2,RZO8757
159,Iberia Express,5474,landed,departure,LATAM Airlines,LA,1,LGW,2019-07-24T19:50:00.000,,MAD,2019-07-24T18:30:00.000,,4,LAN5474
160,,3718,landed,departure,Iberia Express,I2,1,LGW,2019-07-24T19:50:00.000,,MAD,2019-07-24T18:30:00.000,,4,IBS3718
161,Portugalia Airlines,1011,landed,departure,TAP Portugal,TP,7,OPO,2019-07-24T16:55:00.000,17,MAD,2019-07-24T16:40:00.000,D64,2,TAP1011
162,TAP Portugal,1729,landed,departure,Aegean Airlines,A3,82,LIS,2019-07-24T17:25:00.000,87,MAD,2019-07-24T17:05:00.000,D66,2,AEE1729
163,,1011,landed,departure,Portugalia Airlines,NI,7,OPO,2019-07-24T16:55:00.000,17,MAD,2019-07-24T16:40:00.000,D64,2,PGA1011
164,Iberia,8865,landed,departure,American Airlines,AA,,LPA,2019-07-24T18:45:00.000,12,MAD,2019-07-24T16:45:00.000,M39,4S,AAL8865
165,TAP Portugal,7337,landed,departure,Azul,AD,82,LIS,2019-07-24T17:25:00.000,87,MAD,2019-07-24T17:05:00.000,D66,2,AZU7337
166,TAP Portugal,5411,landed,departure,Beijing Capital Airlines,JD,82,LIS,2019-07-24T17:25:00.000,87,MAD,2019-07-24T17:05:00.000,D66,2,CBJ5411
167,Iberia,6039,landed,departure,SA AVIANCA,AV,,LPA,2019-07-24T18:45:00.000,12,MAD,2019-07-24T16:45:00.000,M39,4S,AVA6039
168,TAP Portugal,9421,landed,departure,EgyptAir,MS,82,LIS,2019-07-24T17:25:00.000,87,MAD,2019-07-24T17:05:00.000,D66,2,MSR9421
169,TAP Portugal,8699,landed,departure,Azores Airlines,S4,82,LIS,2019-07-24T17:25:00.000,87,MAD,2019-07-24T17:05:00.000,D66,2,RZO8699
170,Iberia,7144,landed,departure,British Airways,BA,,LPA,2019-07-24T18:45:00.000,12,MAD,2019-07-24T16:45:00.000,M39,4S,BAW7144
171,,1027,landed,departure,TAP Portugal,TP,82,LIS,2019-07-24T17:25:00.000,87,MAD,2019-07-24T17:05:00.000,D66,2,TAP1027
172,Air Europa,4795,landed,departure,Air France,AF,70,ORY,2019-07-24T19:15:00.000,72,MAD,2019-07-24T17:20:00.000,D60,2,AFR4795
173,Air Europa,6936,landed,departure,Aeromexico,AM,70,ORY,2019-07-24T19:15:00.000,72,MAD,2019-07-24T17:20:00.000,D60,2,AMX6936
174,Iberia,7045,landed,departure,LATAM Airlines,LA,,LPA,2019-07-24T18:45:00.000,12,MAD,2019-07-24T16:45:00.000,M39,4S,LAN7045
175,,1025,landed,departure,Air Europa,UX,70,ORY,2019-07-24T19:15:00.000,72,MAD,2019-07-24T17:20:00.000,D60,2,AEA1025
176,Iberia,6857,landed,departure,Qatar Airways,QR,,LPA,2019-07-24T18:45:00.000,12,MAD,2019-07-24T16:45:00.000,M39,4S,QTR6857
177,,3182,landed,departure,Iberia,IB,,LPA,2019-07-24T18:45:00.000,12,MAD,2019-07-24T16:45:00.000,M39,4S,IBE3182
178,,3234,landed,departure,Iberia,IB,2,FCO,2019-07-24T19:25:00.000,,MAD,2019-07-24T17:00:00.000,K68,4,IBE3234
179,Air Nostrum,8592,landed,departure,American Airlines,AA,40,CMN,2019-07-24T17:15:00.000,35,MAD,2019-07-24T16:25:00.000,S26,4S,AAL8592
180,Air Nostrum,9972,landed,departure,Royal Air Maroc,AT,40,CMN,2019-07-24T17:15:00.000,35,MAD,2019-07-24T16:25:00.000,S26,4S,RAM9972
181,Air Nostrum,7268,landed,departure,British Airways,BA,40,CMN,2019-07-24T17:15:00.000,35,MAD,2019-07-24T16:25:00.000,S26,4S,BAW7268
182,Air Nostrum,8192,landed,departure,Iberia,IB,40,CMN,2019-07-24T17:15:00.000,35,MAD,2019-07-24T16:25:00.000,S26,4S,IBE8192
183,,8192,landed,departure,Air Nostrum,YW,40,CMN,2019-07-24T17:15:00.000,35,MAD,2019-07-24T16:25:00.000,S26,4S,ANE8192
184,Iberia,8686,landed,departure,American Airlines,AA,,LHR,2019-07-24T18:25:00.000,,MAD,2019-07-24T17:00:00.000,H7,4,AAL8686
185,Air Europa,6961,landed,departure,Aeromexico,AM,20,LCG,2019-07-24T19:55:00.000,,MAD,2019-07-24T18:40:00.000,E74,2,AMX6961
186,Iberia,7050,landed,departure,British Airways,BA,,LHR,2019-07-24T18:25:00.000,,MAD,2019-07-24T17:00:00.000,H7,4,BAW7050
187,Iberia,5448,landed,departure,LATAM Airlines,LA,,LHR,2019-07-24T18:25:00.000,,MAD,2019-07-24T17:00:00.000,H7,4,LAN5448
188,Air Europa,7348,landed,departure,Aerolineas Argentinas,AR,20,LCG,2019-07-24T19:55:00.000,,MAD,2019-07-24T18:40:00.000,E74,2,ARG7348
189,,3180,landed,departure,Iberia,IB,,LHR,2019-07-24T18:25:00.000,,MAD,2019-07-24T17:00:00.000,H7,4,IBE3180
190,,2952,landed,departure,Ryanair,FR,,BRU,2019-07-24T19:20:00.000,6,MAD,2019-07-24T16:55:00.000,C44,2,RYR2952
191,,2011,landed,departure,Ryanair,FR,4,LPA,2019-07-24T18:50:00.000,12,MAD,2019-07-24T16:50:00.000,C38,1,RYR2011
192,Air Europa,3366,landed,departure,KLM,KL,20,LCG,2019-07-24T19:55:00.000,,MAD,2019-07-24T18:40:00.000,E74,2,KLM3366
193,Air Europa,4836,landed,departure,Air France,AF,,PMI,2019-07-24T18:25:00.000,2,MAD,2019-07-24T17:00:00.000,E70,2,AFR4836
194,,7237,landed,departure,Air Europa,UX,20,LCG,2019-07-24T19:55:00.000,,MAD,2019-07-24T18:40:00.000,E74,2,AEA7237
195,Air Europa,6813,landed,departure,Aeromexico,AM,,PMI,2019-07-24T18:25:00.000,2,MAD,2019-07-24T17:00:00.000,E70,2,AMX6813
196,Air Europa,2446,landed,departure,Alitalia,AZ,,PMI,2019-07-24T18:25:00.000,2,MAD,2019-07-24T17:00:00.000,E70,2,AZA2446
197,Iberia Express,3640,landed,departure,Iberia,IB,,TLS,2019-07-24T20:00:00.000,,MAD,2019-07-24T18:40:00.000,,4,IBE3640
198,Air Europa,3317,landed,departure,KLM,KL,,PMI,2019-07-24T18:25:00.000,2,MAD,2019-07-24T17:00:00.000,E70,2,KLM3317
199,Air Europa,2079,landed,departure,Middle East Airlines,ME,,PMI,2019-07-24T18:25:00.000,2,MAD,2019-07-24T17:00:00.000,E70,2,MEA2079
200,,3640,landed,departure,Iberia Express,I2,,TLS,2019-07-24T20:00:00.000,,MAD,2019-07-24T18:40:00.000,,4,IBS3640
201,Air Europa,3692,landed,departure,Aeroflot,SU,,PMI,2019-07-24T18:25:00.000,2,MAD,2019-07-24T17:00:00.000,E70,2,AFL3692
202,Air Europa,6128,landed,departure,Saudia,SV,,PMI,2019-07-24T18:25:00.000,2,MAD,2019-07-24T17:00:00.000,E70,2,SVA6128
203,Air Europa,6945,landed,departure,Aeromexico,AM,,LIS,2019-07-24T19:00:00.000,,MAD,2019-07-24T18:45:00.000,E70,2,AMX6945
204,,6079,landed,departure,Air Europa,UX,,PMI,2019-07-24T18:25:00.000,2,MAD,2019-07-24T17:00:00.000,E70,2,AEA6079
205,Lufthansa,6508,landed,departure,SA AVIANCA,AV,9,FRA,2019-07-24T19:30:00.000,3,MAD,2019-07-24T17:00:00.000,E67,2,AVA6508
206,Air Europa,7344,landed,departure,Aerolineas Argentinas,AR,,LIS,2019-07-24T19:00:00.000,,MAD,2019-07-24T18:45:00.000,E70,2,ARG7344
207,,1157,landed,departure,Air Europa,UX,,LIS,2019-07-24T19:00:00.000,,MAD,2019-07-24T18:45:00.000,E70,2,AEA1157
208,Air Nostrum,8501,landed,departure,American Airlines,AA,,EAS,2019-07-24T19:55:00.000,3,MAD,2019-07-24T18:40:00.000,K96,4,AAL8501
209,Lufthansa,1589,landed,departure,Ethiopian Airlines,ET,9,FRA,2019-07-24T19:30:00.000,3,MAD,2019-07-24T17:00:00.000,E67,2,ETH1589
210,Air Nostrum,6070,landed,departure,SA AVIANCA,AV,,EAS,2019-07-24T19:55:00.000,3,MAD,2019-07-24T18:40:00.000,K96,4,AVA6070
211,Lufthansa,6140,landed,departure,ANA,NH,9,FRA,2019-07-24T19:30:00.000,3,MAD,2019-07-24T17:00:00.000,E67,2,ANA6140
212,Air Nostrum,7080,landed,departure,British Airways,BA,,EAS,2019-07-24T19:55:00.000,3,MAD,2019-07-24T18:40:00.000,K96,4,BAW7080
213,Air Nostrum,6523,landed,departure,Qatar Airways,QR,,EAS,2019-07-24T19:55:00.000,3,MAD,2019-07-24T18:40:00.000,K96,4,QTR6523
214,Lufthansa,7460,landed,departure,Austrian,OS,9,FRA,2019-07-24T19:30:00.000,3,MAD,2019-07-24T17:00:00.000,E67,2,AUA7460
215,Air Nostrum,8326,landed,departure,Iberia,IB,,EAS,2019-07-24T19:55:00.000,3,MAD,2019-07-24T18:40:00.000,K96,4,IBE8326
216,Lufthansa,7527,landed,departure,South African Airways,SA,9,FRA,2019-07-24T19:30:00.000,3,MAD,2019-07-24T17:00:00.000,E67,2,SAA7527
217,Lufthansa,3136,landed,departure,SAS,SK,9,FRA,2019-07-24T19:30:00.000,3,MAD,2019-07-24T17:00:00.000,E67,2,SAS3136
218,Lufthansa,2095,landed,departure,Singapore Airlines,SQ,9,FRA,2019-07-24T19:30:00.000,3,MAD,2019-07-24T17:00:00.000,E67,2,SIA2095
219,,8326,landed,departure,Air Nostrum,YW,,EAS,2019-07-24T19:55:00.000,3,MAD,2019-07-24T18:40:00.000,K96,4,ANE8326
220,,1115,landed,departure,Lufthansa,LH,9,FRA,2019-07-24T19:30:00.000,3,MAD,2019-07-24T17:00:00.000,E67,2,DLH1115
221,Iberia,7109,landed,departure,LATAM Airlines,LA,,BCN,2019-07-24T20:00:00.000,2,MAD,2019-07-24T18:45:00.000,J50,4,LAN7109
222,,1846,landed,departure,Iberia,IB,,BCN,2019-07-24T20:00:00.000,2,MAD,2019-07-24T18:45:00.000,J50,4,IBE1846
223,Wasaya Airways,6886,landed,departure,Aeromexico,AM,,SVQ,2019-07-24T20:20:00.000,2,MAD,2019-07-24T18:45:00.000,F90,2,AMX6886
224,Iberia,8730,landed,departure,American Airlines,AA,,RAK,2019-07-24T18:10:00.000,,MAD,2019-07-24T17:10:00.000,S34,4S,AAL8730
225,,3342,landed,departure,Iberia,IB,,RAK,2019-07-24T18:10:00.000,,MAD,2019-07-24T17:10:00.000,S34,4S,IBE3342
226,Wasaya Airways,5057,landed,departure,Air Europa,UX,,SVQ,2019-07-24T20:20:00.000,2,MAD,2019-07-24T18:45:00.000,F90,2,AEA5057
227,,5057,landed,departure,Wasaya Airways,WT,,SVQ,2019-07-24T20:20:00.000,2,MAD,2019-07-24T18:45:00.000,F90,2,WSG5057
228,,2528,landed,departure,Ryanair,FR,,SXF,2019-07-24T20:25:00.000,3,MAD,2019-07-24T17:10:00.000,C42,1,RYR2528
229,Iberia,6030,landed,departure,SA AVIANCA,AV,2,BIO,2019-07-24T18:15:00.000,,MAD,2019-07-24T17:15:00.000,,4,AVA6030
230,,5983,landed,departure,Ryanair,FR,28,BGY,2019-07-24T20:25:00.000,39,MAD,2019-07-24T18:10:00.000,D58,1,RYR5983
231,Iberia,7244,landed,departure,British Airways,BA,2,BIO,2019-07-24T18:15:00.000,,MAD,2019-07-24T17:15:00.000,,4,BAW7244
232,,1141,landed,departure,Air Europa,UX,,OPO,2019-07-24T19:05:00.000,,MAD,2019-07-24T18:55:00.000,E76,2,AEA1141
233,Iberia,7147,landed,departure,LATAM Airlines,LA,2,BIO,2019-07-24T18:15:00.000,,MAD,2019-07-24T17:15:00.000,,4,LAN7147
234,Iberia,6976,landed,departure,Qatar Airways,QR,2,BIO,2019-07-24T18:15:00.000,,MAD,2019-07-24T17:15:00.000,,4,QTR6976
235,,434,landed,departure,Iberia,IB,2,BIO,2019-07-24T18:15:00.000,,MAD,2019-07-24T17:15:00.000,,4,IBE434
236,Air Europa,4802,landed,departure,Air France,AF,1,PMI,2019-07-24T20:20:00.000,,MAD,2019-07-24T19:00:00.000,E78,2,AFR4802
237,Air Nostrum,8634,landed,departure,American Airlines,AA,10,SVQ,2019-07-24T17:05:00.000,21,MAD,2019-07-24T16:00:00.000,M45,4S,AAL8634
238,Air Europa,6959,landed,departure,Aeromexico,AM,115,BRU,2019-07-24T17:35:00.000,128,MAD,2019-07-24T15:15:00.000,C40,2,AMX6959
239,Air Europa,6814,landed,departure,Aeromexico,AM,1,PMI,2019-07-24T20:20:00.000,,MAD,2019-07-24T19:00:00.000,E78,2,AMX6814
240,Air Nostrum,5087,landed,departure,Qatar Airways,QR,10,SVQ,2019-07-24T17:05:00.000,21,MAD,2019-07-24T16:00:00.000,M45,4S,QTR5087
241,Air Nostrum,8516,landed,departure,Iberia,IB,10,SVQ,2019-07-24T17:05:00.000,21,MAD,2019-07-24T16:00:00.000,M45,4S,IBE8516
242,,8516,landed,departure,Air Nostrum,YW,10,SVQ,2019-07-24T17:05:00.000,21,MAD,2019-07-24T16:00:00.000,M45,4S,ANE8516
243,Air Europa,4359,landed,departure,Etihad Airways,EY,115,BRU,2019-07-24T17:35:00.000,128,MAD,2019-07-24T15:15:00.000,C40,2,ETD4359
244,,3906,landed,departure,easyJet,U2,3,CDG,2019-07-24T18:20:00.000,12,MAD,2019-07-24T16:10:00.000,,1,EZY3906
245,,6112,landed,departure,Norwegian Air International,D8,13,CPH,2019-07-24T19:20:00.000,14,MAD,2019-07-24T16:10:00.000,E69,2,IBK6112
246,Air Europa,7418,landed,departure,Air Serbia,JU,115,BRU,2019-07-24T17:35:00.000,128,MAD,2019-07-24T15:15:00.000,C40,2,ASL7418
247,Vueling,5364,landed,departure,Iberia,IB,3,MAH,2019-07-24T17:55:00.000,,MAD,2019-07-24T16:25:00.000,J42,4,IBE5364
248,,3833,landed,departure,Vueling,VY,3,MAH,2019-07-24T17:55:00.000,,MAD,2019-07-24T16:25:00.000,J42,4,VLG3833
249,Air Europa,4533,landed,departure,China Eastern Airlines,MU,115,BRU,2019-07-24T17:35:00.000,128,MAD,2019-07-24T15:15:00.000,C40,2,CES4533
250,Air Nostrum,8594,landed,departure,American Airlines,AA,10,TRN,2019-07-24T18:30:00.000,8,MAD,2019-07-24T16:20:00.000,K98,4,AAL8594
251,Air Europa,7328,landed,departure,Aerolineas Argentinas,AR,1,PMI,2019-07-24T20:20:00.000,,MAD,2019-07-24T19:00:00.000,E78,2,ARG7328
252,Air Nostrum,8828,landed,departure,Iberia,IB,10,TRN,2019-07-24T18:30:00.000,8,MAD,2019-07-24T16:20:00.000,K98,4,IBE8828
253,,1173,landed,departure,Air Europa,UX,115,BRU,2019-07-24T17:35:00.000,128,MAD,2019-07-24T15:15:00.000,C40,2,AEA1173
254,,8828,landed,departure,Air Nostrum,YW,10,TRN,2019-07-24T18:30:00.000,8,MAD,2019-07-24T16:20:00.000,K98,4,ANE8828
255,Iberia Express,3672,landed,departure,Iberia,IB,3,TXL,2019-07-24T19:15:00.000,14,MAD,2019-07-24T16:15:00.000,,4,IBE3672
256,,3672,landed,departure,Iberia Express,I2,3,TXL,2019-07-24T19:15:00.000,14,MAD,2019-07-24T16:15:00.000,,4,IBS3672
257,Iberia,8746,landed,departure,American Airlines,AA,,LHR,2019-07-24T17:55:00.000,,MAD,2019-07-24T16:30:00.000,H3,4,AAL8746
258,Iberia,7056,landed,departure,British Airways,BA,,LHR,2019-07-24T17:55:00.000,,MAD,2019-07-24T16:30:00.000,H3,4,BAW7056
259,Iberia,7083,landed,departure,LATAM Airlines,LA,,LHR,2019-07-24T17:55:00.000,,MAD,2019-07-24T16:30:00.000,H3,4,LAN7083
260,,3164,landed,departure,Iberia,IB,,LHR,2019-07-24T17:55:00.000,,MAD,2019-07-24T16:30:00.000,H3,4,IBE3164
261,Air Europa,2448,landed,departure,Alitalia,AZ,1,PMI,2019-07-24T20:20:00.000,,MAD,2019-07-24T19:00:00.000,E78,2,AZA2448
262,,5995,landed,departure,Ryanair,FR,27,STN,2019-07-24T17:35:00.000,26,MAD,2019-07-24T16:05:00.000,A8,1,RYR5995
263,Iberia,6148,landed,departure,SA AVIANCA,AV,,BCN,2019-07-24T18:45:00.000,,MAD,2019-07-24T17:30:00.000,J54,4,AVA6148
264,Air Nostrum,8547,landed,departure,American Airlines,AA,,PNA,2019-07-24T17:20:00.000,11,MAD,2019-07-24T16:20:00.000,M48,4,AAL8547
265,Air Nostrum,6058,landed,departure,SA AVIANCA,AV,,PNA,2019-07-24T17:20:00.000,11,MAD,2019-07-24T16:20:00.000,M48,4,AVA6058
266,Air Nostrum,7218,landed,departure,British Airways,BA,,PNA,2019-07-24T17:20:00.000,11,MAD,2019-07-24T16:20:00.000,M48,4,BAW7218
267,Iberia,7077,landed,departure,LATAM Airlines,LA,,BCN,2019-07-24T18:45:00.000,,MAD,2019-07-24T17:30:00.000,J54,4,LAN7077
268,Air Nostrum,6942,landed,departure,Qatar Airways,QR,,PNA,2019-07-24T17:20:00.000,11,MAD,2019-07-24T16:20:00.000,M48,4,QTR6942
269,Air Nostrum,8524,landed,departure,Iberia,IB,,PNA,2019-07-24T17:20:00.000,11,MAD,2019-07-24T16:20:00.000,M48,4,IBE8524
270,,1730,landed,departure,Iberia,IB,,BCN,2019-07-24T18:45:00.000,,MAD,2019-07-24T17:30:00.000,J54,4,IBE1730
271,Air Europa,9388,landed,departure,Turkish Airlines,TK,1,PMI,2019-07-24T20:20:00.000,,MAD,2019-07-24T19:00:00.000,E78,2,THY9388
272,,8524,landed,departure,Air Nostrum,YW,,PNA,2019-07-24T17:20:00.000,11,MAD,2019-07-24T16:20:00.000,M48,4,ANE8524
273,Vueling,5932,landed,departure,Iberia,IB,10,FCO,2019-07-24T19:00:00.000,1,MAD,2019-07-24T16:30:00.000,J40,4,IBE5932
274,Alitalia,7205,landed,departure,Aerolineas Argentinas,AR,,FCO,2019-07-24T19:55:00.000,,MAD,2019-07-24T17:30:00.000,,2,ARG7205
275,,6097,landed,departure,Air Europa,UX,1,PMI,2019-07-24T20:20:00.000,,MAD,2019-07-24T19:00:00.000,E78,2,AEA6097
276,,6128,landed,departure,Vueling,VY,10,FCO,2019-07-24T19:00:00.000,1,MAD,2019-07-24T16:30:00.000,J40,4,VLG6128
277,,1116,landed,departure,easyJet,U2,,BSL,2019-07-24T18:45:00.000,4,MAD,2019-07-24T16:30:00.000,,1,EZY1116
278,Alitalia,2863,landed,departure,Etihad Airways,EY,,FCO,2019-07-24T19:55:00.000,,MAD,2019-07-24T17:30:00.000,,2,ETD2863
279,,6996,landed,departure,easyJet,U2,,EDI,2019-07-24T18:30:00.000,,MAD,2019-07-24T16:35:00.000,B31,1,EZY6996
280,Iberia,6089,landed,departure,SA AVIANCA,AV,,BCN,2019-07-24T17:50:00.000,6,MAD,2019-07-24T16:30:00.000,J52,4,AVA6089
281,Wasaya Airways,7407,landed,departure,Air Europa,UX,19,OVD,2019-07-24T20:05:00.000,21,MAD,2019-07-24T18:40:00.000,F92,2,AEA7407
282,Iberia,7103,landed,departure,LATAM Airlines,LA,,BCN,2019-07-24T17:50:00.000,6,MAD,2019-07-24T16:30:00.000,J52,4,LAN7103
283,Iberia,5004,landed,departure,BoA,OB,,BCN,2019-07-24T17:50:00.000,6,MAD,2019-07-24T16:30:00.000,J52,4,BOV5004
284,Alitalia,7241,landed,departure,Air Serbia,JU,,FCO,2019-07-24T19:55:00.000,,MAD,2019-07-24T17:30:00.000,,2,ASL7241
285,,1630,landed,departure,Iberia,IB,,BCN,2019-07-24T17:50:00.000,6,MAD,2019-07-24T16:30:00.000,J52,4,IBE1630
286,,7407,landed,departure,Wasaya Airways,WT,19,OVD,2019-07-24T20:05:00.000,21,MAD,2019-07-24T18:40:00.000,F92,2,WSG7407
287,Air Nostrum,8591,landed,departure,American Airlines,AA,14,GRX,2019-07-24T17:25:00.000,17,MAD,2019-07-24T16:20:00.000,K95,4,AAL8591
288,Alitalia,6282,landed,departure,Korean Air,KE,,FCO,2019-07-24T19:55:00.000,,MAD,2019-07-24T17:30:00.000,,2,KAL6282
289,Air Nostrum,7082,landed,departure,British Airways,BA,14,GRX,2019-07-24T17:25:00.000,17,MAD,2019-07-24T16:20:00.000,K95,4,BAW7082
290,Alitalia,3119,landed,departure,Air Europa,UX,,FCO,2019-07-24T19:55:00.000,,MAD,2019-07-24T17:30:00.000,,2,AEA3119
291,Air Europa,4799,landed,departure,Air France,AF,10,VGO,2019-07-24T20:00:00.000,15,MAD,2019-07-24T18:50:00.000,E80,2,AFR4799
292,Air Nostrum,6926,landed,departure,Qatar Airways,QR,14,GRX,2019-07-24T17:25:00.000,17,MAD,2019-07-24T16:20:00.000,K95,4,QTR6926
293,,63,landed,departure,Alitalia,AZ,,FCO,2019-07-24T19:55:00.000,,MAD,2019-07-24T17:30:00.000,,2,AZA63
294,Air Nostrum,8642,landed,departure,Iberia,IB,14,GRX,2019-07-24T17:25:00.000,17,MAD,2019-07-24T16:20:00.000,K95,4,IBE8642
295,Air Europa,6815,landed,departure,Aeromexico,AM,10,VGO,2019-07-24T20:00:00.000,15,MAD,2019-07-24T18:50:00.000,E80,2,AMX6815
296,,8642,landed,departure,Air Nostrum,YW,14,GRX,2019-07-24T17:25:00.000,17,MAD,2019-07-24T16:20:00.000,K95,4,ANE8642
297,Air Nostrum,8562,landed,departure,American Airlines,AA,5,IBZ,2019-07-24T17:40:00.000,13,MAD,2019-07-24T16:25:00.000,K80,4,AAL8562
298,Air Nostrum,7246,landed,departure,British Airways,BA,5,IBZ,2019-07-24T17:40:00.000,13,MAD,2019-07-24T16:25:00.000,K80,4,BAW7246
299,Air Nostrum,6522,landed,departure,Qatar Airways,QR,5,IBZ,2019-07-24T17:40:00.000,13,MAD,2019-07-24T16:25:00.000,K80,4,QTR6522
300,Air Nostrum,8910,landed,departure,Iberia,IB,5,IBZ,2019-07-24T17:40:00.000,13,MAD,2019-07-24T16:25:00.000,K80,4,IBE8910
301,Air Europa,7350,landed,departure,Aerolineas Argentinas,AR,10,VGO,2019-07-24T20:00:00.000,15,MAD,2019-07-24T18:50:00.000,E80,2,ARG7350
302,,8910,landed,departure,Air Nostrum,YW,5,IBZ,2019-07-24T17:40:00.000,13,MAD,2019-07-24T16:25:00.000,K80,4,ANE8910
303,,3630,landed,departure,Iberia Express,I2,,NCE,2019-07-24T17:35:00.000,,MAD,2019-07-24T15:35:00.000,,4,IBS3630
304,Air Nostrum,8540,landed,departure,American Airlines,AA,,FRA,2019-07-24T18:30:00.000,,MAD,2019-07-24T15:40:00.000,K93,4,AAL8540
305,Air Nostrum,7842,landed,departure,JAL,JL,,FRA,2019-07-24T18:30:00.000,,MAD,2019-07-24T15:40:00.000,K93,4,JAL7842
306,Air Nostrum,5304,landed,departure,BoA,OB,,FRA,2019-07-24T18:30:00.000,,MAD,2019-07-24T15:40:00.000,K93,4,BOV5304
307,Air Nostrum,8616,landed,departure,Iberia,IB,,FRA,2019-07-24T18:30:00.000,,MAD,2019-07-24T15:40:00.000,K93,4,IBE8616
308,,8616,landed,departure,Air Nostrum,YW,,FRA,2019-07-24T18:30:00.000,,MAD,2019-07-24T15:40:00.000,K93,4,ANE8616
309,Air Europa,6808,landed,departure,Aeromexico,AM,17,BCN,2019-07-24T16:35:00.000,31,MAD,2019-07-24T15:10:00.000,D60,2,AMX6808
310,Air Europa,6771,landed,departure,Delta Air Lines,DL,17,BCN,2019-07-24T16:35:00.000,31,MAD,2019-07-24T15:10:00.000,D60,2,DAL6771
311,Air Europa,4366,landed,departure,Etihad Airways,EY,17,BCN,2019-07-24T16:35:00.000,31,MAD,2019-07-24T15:10:00.000,D60,2,ETD4366
312,Air Europa,9776,landed,departure,Garuda Indonesia,GA,17,BCN,2019-07-24T16:35:00.000,31,MAD,2019-07-24T15:10:00.000,D60,2,GIA9776
313,Air Europa,6651,landed,departure,Korean Air,KE,17,BCN,2019-07-24T16:35:00.000,31,MAD,2019-07-24T15:10:00.000,D60,2,KAL6651
314,Air Europa,2006,landed,departure,Middle East Airlines,ME,17,BCN,2019-07-24T16:35:00.000,31,MAD,2019-07-24T15:10:00.000,D60,2,MEA2006
315,Air Europa,3673,landed,departure,Aeroflot,SU,17,BCN,2019-07-24T16:35:00.000,31,MAD,2019-07-24T15:10:00.000,D60,2,AFL3673
316,,704,landed,departure,LATAM Airlines,LA,1,FRA,2019-07-24T17:40:00.000,,MAD,2019-07-24T15:05:00.000,S28,4S,LAN704
317,Air Europa,6184,landed,departure,Saudia,SV,17,BCN,2019-07-24T16:35:00.000,31,MAD,2019-07-24T15:10:00.000,D60,2,SVA6184
318,,7703,landed,departure,Air Europa,UX,17,BCN,2019-07-24T16:35:00.000,31,MAD,2019-07-24T15:10:00.000,D60,2,AEA7703
319,Iberia,8744,landed,departure,American Airlines,AA,14,OPO,2019-07-24T15:55:00.000,1,MAD,2019-07-24T15:40:00.000,J41,4,AAL8744
320,Iberia,7102,landed,departure,British Airways,BA,14,OPO,2019-07-24T15:55:00.000,1,MAD,2019-07-24T15:40:00.000,J41,4,BAW7102
321,Iberia,7195,landed,departure,LATAM Airlines,LA,14,OPO,2019-07-24T15:55:00.000,1,MAD,2019-07-24T15:40:00.000,J41,4,LAN7195
322,Iberia,6968,landed,departure,Qatar Airways,QR,14,OPO,2019-07-24T15:55:00.000,1,MAD,2019-07-24T15:40:00.000,J41,4,QTR6968
323,,3094,landed,departure,Iberia,IB,14,OPO,2019-07-24T15:55:00.000,1,MAD,2019-07-24T15:40:00.000,J41,4,IBE3094
324,Vueling,5405,landed,departure,Iberia,IB,20,BCN,2019-07-24T16:20:00.000,11,MAD,2019-07-24T15:00:00.000,J56,4,IBE5405
325,EgyptAir,7009,landed,departure,TAP Portugal,TP,3,CAI,2019-07-24T20:25:00.000,,MAD,2019-07-24T15:45:00.000,B25,1,TAP7009
326,,754,landed,departure,EgyptAir,MS,3,CAI,2019-07-24T20:25:00.000,,MAD,2019-07-24T15:45:00.000,B25,1,MSR754
327,Iberia,8814,landed,departure,American Airlines,AA,,LIS,2019-07-24T16:05:00.000,3,MAD,2019-07-24T15:40:00.000,K68,4,AAL8814
328,,1500,landed,departure,Vueling,VY,20,BCN,2019-07-24T16:20:00.000,11,MAD,2019-07-24T15:00:00.000,J56,4,VLG1500
329,Iberia,7148,landed,departure,LATAM Airlines,LA,,LIS,2019-07-24T16:05:00.000,3,MAD,2019-07-24T15:40:00.000,K68,4,LAN7148
330,Iberia,6872,landed,departure,Qatar Airways,QR,,LIS,2019-07-24T16:05:00.000,3,MAD,2019-07-24T15:40:00.000,K68,4,QTR6872
331,,3102,landed,departure,Iberia,IB,,LIS,2019-07-24T16:05:00.000,3,MAD,2019-07-24T15:40:00.000,K68,4,IBE3102
332,Air Europa,6921,landed,departure,Aeromexico,AM,,DUS,2019-07-24T17:45:00.000,3,MAD,2019-07-24T15:10:00.000,E76,2,AMX6921
333,Iberia Express,8794,landed,departure,American Airlines,AA,,FUE,2019-07-24T17:25:00.000,10,MAD,2019-07-24T15:35:00.000,,4,AAL8794
334,Iberia Express,3904,landed,departure,Iberia,IB,,FUE,2019-07-24T17:25:00.000,10,MAD,2019-07-24T15:35:00.000,,4,IBE3904
335,,3904,landed,departure,Iberia Express,I2,,FUE,2019-07-24T17:25:00.000,10,MAD,2019-07-24T15:35:00.000,,4,IBS3904
336,Iberia,8798,landed,departure,American Airlines,AA,2,VGO,2019-07-24T17:00:00.000,1,MAD,2019-07-24T15:45:00.000,,4,AAL8798
337,Iberia,6121,landed,departure,SA AVIANCA,AV,2,VGO,2019-07-24T17:00:00.000,1,MAD,2019-07-24T15:45:00.000,,4,AVA6121
338,Air Europa,4391,landed,departure,Etihad Airways,EY,,DUS,2019-07-24T17:45:00.000,3,MAD,2019-07-24T15:10:00.000,E76,2,ETD4391
339,Iberia,7208,landed,departure,British Airways,BA,2,VGO,2019-07-24T17:00:00.000,1,MAD,2019-07-24T15:45:00.000,,4,BAW7208
340,Iberia,7040,landed,departure,LATAM Airlines,LA,2,VGO,2019-07-24T17:00:00.000,1,MAD,2019-07-24T15:45:00.000,,4,LAN7040
341,Air Europa,7431,landed,departure,Air Serbia,JU,,DUS,2019-07-24T17:45:00.000,3,MAD,2019-07-24T15:10:00.000,E76,2,ASL7431
342,,1447,landed,departure,Air Europa,UX,,DUS,2019-07-24T17:45:00.000,3,MAD,2019-07-24T15:10:00.000,E76,2,AEA1447
343,Iberia,6918,landed,departure,Qatar Airways,QR,2,VGO,2019-07-24T17:00:00.000,1,MAD,2019-07-24T15:45:00.000,,4,QTR6918
344,,534,landed,departure,Iberia,IB,2,VGO,2019-07-24T17:00:00.000,1,MAD,2019-07-24T15:45:00.000,,4,IBE534
345,,2027,landed,departure,SWISS,LX,30,ZRH,2019-07-24T17:45:00.000,18,MAD,2019-07-24T15:30:00.000,,2,SWR2027
346,Iberia,8878,landed,departure,American Airlines,AA,,XRY,2019-07-24T17:00:00.000,3,MAD,2019-07-24T15:45:00.000,,4,AAL8878
347,Iberia,7114,landed,departure,British Airways,BA,,XRY,2019-07-24T17:00:00.000,3,MAD,2019-07-24T15:45:00.000,,4,BAW7114
348,Iberia,7189,landed,departure,LATAM Airlines,LA,,XRY,2019-07-24T17:00:00.000,3,MAD,2019-07-24T15:45:00.000,,4,LAN7189
349,Iberia,6850,landed,departure,Qatar Airways,QR,,XRY,2019-07-24T17:00:00.000,3,MAD,2019-07-24T15:45:00.000,,4,QTR6850
350,,404,landed,departure,Iberia,IB,,XRY,2019-07-24T17:00:00.000,3,MAD,2019-07-24T15:45:00.000,,4,IBE404
351,Iberia,6085,landed,departure,SA AVIANCA,AV,,BCN,2019-07-24T17:05:00.000,7,MAD,2019-07-24T15:45:00.000,J54,4,AVA6085
352,Iberia,5008,landed,departure,BoA,OB,,BCN,2019-07-24T17:05:00.000,7,MAD,2019-07-24T15:45:00.000,J54,4,BOV5008
353,,1546,landed,departure,Iberia,IB,,BCN,2019-07-24T17:05:00.000,7,MAD,2019-07-24T15:45:00.000,J54,4,IBE1546
354,Iberia Express,8773,landed,departure,American Airlines,AA,,SCQ,2019-07-24T17:05:00.000,2,MAD,2019-07-24T15:50:00.000,,4,AAL8773
355,Iberia Express,7132,landed,departure,British Airways,BA,,SCQ,2019-07-24T17:05:00.000,2,MAD,2019-07-24T15:50:00.000,,4,BAW7132
356,Iberia Express,3878,landed,departure,Iberia,IB,,SCQ,2019-07-24T17:05:00.000,2,MAD,2019-07-24T15:50:00.000,,4,IBE3878
357,Iberia Express,7043,landed,departure,LATAM Airlines,LA,,SCQ,2019-07-24T17:05:00.000,2,MAD,2019-07-24T15:50:00.000,,4,LAN7043
358,,3878,landed,departure,Iberia Express,I2,,SCQ,2019-07-24T17:05:00.000,2,MAD,2019-07-24T15:50:00.000,,4,IBS3878
359,Iberia,8833,landed,departure,American Airlines,AA,1,LHR,2019-07-24T16:25:00.000,17,MAD,2019-07-24T15:00:00.000,H7,4,AAL8833
360,,434,landed,departure,LOT - Polish Airlines,LO,14,WAW,2019-07-24T19:10:00.000,18,MAD,2019-07-24T15:35:00.000,D66,2,LOT434
361,Iberia,8759,landed,departure,American Airlines,AA,18,ZRH,2019-07-24T18:00:00.000,14,MAD,2019-07-24T15:40:00.000,H15,4,AAL8759
362,Iberia,7090,landed,departure,LATAM Airlines,LA,18,ZRH,2019-07-24T18:00:00.000,14,MAD,2019-07-24T15:40:00.000,H15,4,LAN7090
363,Iberia,5504,landed,departure,BoA,OB,18,ZRH,2019-07-24T18:00:00.000,14,MAD,2019-07-24T15:40:00.000,H15,4,BOV5504
364,Iberia,7060,landed,departure,British Airways,BA,1,LHR,2019-07-24T16:25:00.000,17,MAD,2019-07-24T15:00:00.000,H7,4,BAW7060
365,,3474,landed,departure,Iberia,IB,18,ZRH,2019-07-24T18:00:00.000,14,MAD,2019-07-24T15:40:00.000,H15,4,IBE3474
366,Iberia,8750,landed,departure,American Airlines,AA,10,VCE,2019-07-24T18:05:00.000,15,MAD,2019-07-24T15:40:00.000,H13,4,AAL8750
367,Iberia,5407,landed,departure,LATAM Airlines,LA,10,VCE,2019-07-24T18:05:00.000,15,MAD,2019-07-24T15:40:00.000,H13,4,LAN5407
368,,3244,landed,departure,Iberia,IB,10,VCE,2019-07-24T18:05:00.000,15,MAD,2019-07-24T15:40:00.000,H13,4,IBE3244
369,Iberia,7840,landed,departure,JAL,JL,1,LHR,2019-07-24T16:25:00.000,17,MAD,2019-07-24T15:00:00.000,H7,4,JAL7840
370,Iberia,8811,landed,departure,American Airlines,AA,17,OVD,2019-07-24T16:55:00.000,10,MAD,2019-07-24T15:45:00.000,,4,AAL8811
371,Iberia,6051,landed,departure,SA AVIANCA,AV,17,OVD,2019-07-24T16:55:00.000,10,MAD,2019-07-24T15:45:00.000,,4,AVA6051
372,Iberia,7182,landed,departure,British Airways,BA,17,OVD,2019-07-24T16:55:00.000,10,MAD,2019-07-24T15:45:00.000,,4,BAW7182
373,Iberia,7076,landed,departure,LATAM Airlines,LA,1,LHR,2019-07-24T16:25:00.000,17,MAD,2019-07-24T15:00:00.000,H7,4,LAN7076
374,Iberia,7041,landed,departure,LATAM Airlines,LA,17,OVD,2019-07-24T16:55:00.000,10,MAD,2019-07-24T15:45:00.000,,4,LAN7041
375,Iberia,6894,landed,departure,Qatar Airways,QR,17,OVD,2019-07-24T16:55:00.000,10,MAD,2019-07-24T15:45:00.000,,4,QTR6894
376,,3172,landed,departure,Iberia,IB,1,LHR,2019-07-24T16:25:00.000,17,MAD,2019-07-24T15:00:00.000,H7,4,IBE3172
377,,476,landed,departure,Iberia,IB,17,OVD,2019-07-24T16:55:00.000,10,MAD,2019-07-24T15:45:00.000,,4,IBE476
378,Iberia,8783,landed,departure,American Airlines,AA,,FCO,2019-07-24T18:25:00.000,,MAD,2019-07-24T15:55:00.000,J46,4,AAL8783
379,Air Europa,6957,landed,departure,Aeromexico,AM,7,MUC,2019-07-24T17:30:00.000,20,MAD,2019-07-24T15:00:00.000,E80,2,AMX6957
380,Iberia,7095,landed,departure,LATAM Airlines,LA,,FCO,2019-07-24T18:25:00.000,,MAD,2019-07-24T15:55:00.000,J46,4,LAN7095
381,Air Europa,4377,landed,departure,Etihad Airways,EY,7,MUC,2019-07-24T17:30:00.000,20,MAD,2019-07-24T15:00:00.000,E80,2,ETD4377
382,Iberia,5204,landed,departure,BoA,OB,,FCO,2019-07-24T18:25:00.000,,MAD,2019-07-24T15:55:00.000,J46,4,BOV5204
383,,3236,landed,departure,Iberia,IB,,FCO,2019-07-24T18:25:00.000,,MAD,2019-07-24T15:55:00.000,J46,4,IBE3236
384,Iberia,8838,landed,departure,American Airlines,AA,2,ZAG,2019-07-24T18:30:00.000,6,MAD,2019-07-24T15:50:00.000,H11,4,AAL8838
385,Air Europa,4605,landed,departure,China Eastern Airlines,MU,7,MUC,2019-07-24T17:30:00.000,20,MAD,2019-07-24T15:00:00.000,E80,2,CES4605
386,,3198,landed,departure,Iberia,IB,2,ZAG,2019-07-24T18:30:00.000,6,MAD,2019-07-24T15:50:00.000,H11,4,IBE3198
387,Iberia,8704,landed,departure,American Airlines,AA,6,LHR,2019-07-24T17:15:00.000,1,MAD,2019-07-24T15:55:00.000,S18,4S,AAL8704
388,,1517,landed,departure,Air Europa,UX,7,MUC,2019-07-24T17:30:00.000,20,MAD,2019-07-24T15:00:00.000,E80,2,AEA1517
389,Iberia,7058,landed,departure,British Airways,BA,6,LHR,2019-07-24T17:15:00.000,1,MAD,2019-07-24T15:55:00.000,S18,4S,BAW7058
390,Iberia,7844,landed,departure,JAL,JL,6,LHR,2019-07-24T17:15:00.000,1,MAD,2019-07-24T15:55:00.000,S18,4S,JAL7844
391,Iberia,7088,landed,departure,LATAM Airlines,LA,6,LHR,2019-07-24T17:15:00.000,1,MAD,2019-07-24T15:55:00.000,S18,4S,LAN7088
392,Air Europa,6849,landed,departure,Aeromexico,AM,,MXP,2019-07-24T17:15:00.000,10,MAD,2019-07-24T15:10:00.000,D58,2,AMX6849
393,Iberia,5104,landed,departure,BoA,OB,6,LHR,2019-07-24T17:15:00.000,1,MAD,2019-07-24T15:55:00.000,S18,4S,BOV5104
394,,3166,landed,departure,Iberia,IB,6,LHR,2019-07-24T17:15:00.000,1,MAD,2019-07-24T15:55:00.000,S18,4S,IBE3166
395,Iberia,8747,landed,departure,American Airlines,AA,17,BRU,2019-07-24T18:00:00.000,22,MAD,2019-07-24T15:35:00.000,J58,4,AAL8747
396,Iberia,5630,landed,departure,Finnair,AY,17,BRU,2019-07-24T18:00:00.000,22,MAD,2019-07-24T15:35:00.000,J58,4,FIN5630
397,Iberia,7079,landed,departure,LATAM Airlines,LA,17,BRU,2019-07-24T18:00:00.000,22,MAD,2019-07-24T15:35:00.000,J58,4,LAN7079
398,Air Europa,7095,landed,departure,Alitalia,AZ,,MXP,2019-07-24T17:15:00.000,10,MAD,2019-07-24T15:10:00.000,D58,2,AZA7095
399,,3214,landed,departure,Iberia,IB,17,BRU,2019-07-24T18:00:00.000,22,MAD,2019-07-24T15:35:00.000,J58,4,IBE3214
400,Iberia,8873,landed,departure,American Airlines,AA,9,GVA,2019-07-24T17:40:00.000,12,MAD,2019-07-24T15:45:00.000,H31,4,AAL8873
401,Air Europa,7422,landed,departure,Air Serbia,JU,,MXP,2019-07-24T17:15:00.000,10,MAD,2019-07-24T15:10:00.000,D58,2,ASL7422
402,Iberia,5622,landed,departure,Finnair,AY,9,GVA,2019-07-24T17:40:00.000,12,MAD,2019-07-24T15:45:00.000,H31,4,FIN5622
403,Iberia,5399,landed,departure,LATAM Airlines,LA,9,GVA,2019-07-24T17:40:00.000,12,MAD,2019-07-24T15:45:00.000,H31,4,LAN5399
404,Air Europa,4549,landed,departure,China Eastern Airlines,MU,,MXP,2019-07-24T17:15:00.000,10,MAD,2019-07-24T15:10:00.000,D58,2,CES4549
405,,3486,landed,departure,Iberia,IB,9,GVA,2019-07-24T17:40:00.000,12,MAD,2019-07-24T15:45:00.000,H31,4,IBE3486
406,Iberia,8737,landed,departure,American Airlines,AA,24,VIE,2019-07-24T18:50:00.000,2,MAD,2019-07-24T15:55:00.000,K62,4,AAL8737
407,,1061,landed,departure,Air Europa,UX,,MXP,2019-07-24T17:15:00.000,10,MAD,2019-07-24T15:10:00.000,D58,2,AEA1061
408,Iberia,7187,landed,departure,LATAM Airlines,LA,24,VIE,2019-07-24T18:50:00.000,2,MAD,2019-07-24T15:55:00.000,K62,4,LAN7187
409,,3122,landed,departure,Iberia,IB,24,VIE,2019-07-24T18:50:00.000,2,MAD,2019-07-24T15:55:00.000,K62,4,IBE3122
410,Iberia Express,8728,landed,departure,American Airlines,AA,2,PMI,2019-07-24T17:15:00.000,9,MAD,2019-07-24T15:50:00.000,,4,AAL8728
411,Air Europa,6927,landed,departure,Aeromexico,AM,22,FCO,2019-07-24T17:25:00.000,22,MAD,2019-07-24T15:00:00.000,C48,2,AMX6927
412,Iberia Express,7174,landed,departure,British Airways,BA,2,PMI,2019-07-24T17:15:00.000,9,MAD,2019-07-24T15:50:00.000,,4,BAW7174
413,Iberia Express,3912,landed,departure,Iberia,IB,2,PMI,2019-07-24T17:15:00.000,9,MAD,2019-07-24T15:50:00.000,,4,IBE3912
414,Iberia Express,7115,landed,departure,LATAM Airlines,LA,2,PMI,2019-07-24T17:15:00.000,9,MAD,2019-07-24T15:50:00.000,,4,LAN7115
415,Air Europa,7117,landed,departure,Alitalia,AZ,22,FCO,2019-07-24T17:25:00.000,22,MAD,2019-07-24T15:00:00.000,C48,2,AZA7117
416,,3912,landed,departure,Iberia Express,I2,2,PMI,2019-07-24T17:15:00.000,9,MAD,2019-07-24T15:50:00.000,,4,IBS3912
417,Iberia Express,8743,landed,departure,American Airlines,AA,29,DUB,2019-07-24T17:25:00.000,15,MAD,2019-07-24T15:45:00.000,,4,AAL8743
418,Iberia Express,3790,landed,departure,Iberia,IB,29,DUB,2019-07-24T17:25:00.000,15,MAD,2019-07-24T15:45:00.000,,4,IBE3790
419,,3790,landed,departure,Iberia Express,I2,29,DUB,2019-07-24T17:25:00.000,15,MAD,2019-07-24T15:45:00.000,,4,IBS3790
420,Air Europa,4364,landed,departure,Etihad Airways,EY,22,FCO,2019-07-24T17:25:00.000,22,MAD,2019-07-24T15:00:00.000,C48,2,ETD4364
421,Iberia,8829,landed,departure,American Airlines,AA,2,DUS,2019-07-24T18:25:00.000,5,MAD,2019-07-24T15:55:00.000,H37,4,AAL8829
422,,3132,landed,departure,Iberia,IB,2,DUS,2019-07-24T18:25:00.000,5,MAD,2019-07-24T15:55:00.000,H37,4,IBE3132
423,Iberia,8742,landed,departure,American Airlines,AA,1,ORY,2019-07-24T18:05:00.000,,MAD,2019-07-24T16:05:00.000,H33,4,AAL8742
424,Iberia,6046,landed,departure,SA AVIANCA,AV,1,ORY,2019-07-24T18:05:00.000,,MAD,2019-07-24T16:05:00.000,H33,4,AVA6046
425,Air Europa,7424,landed,departure,Air Serbia,JU,22,FCO,2019-07-24T17:25:00.000,22,MAD,2019-07-24T15:00:00.000,C48,2,ASL7424
426,Iberia,7100,landed,departure,LATAM Airlines,LA,1,ORY,2019-07-24T18:05:00.000,,MAD,2019-07-24T16:05:00.000,H33,4,LAN7100
427,Iberia,5404,landed,departure,BoA,OB,1,ORY,2019-07-24T18:05:00.000,,MAD,2019-07-24T16:05:00.000,H33,4,BOV5404
428,,3444,landed,departure,Iberia,IB,1,ORY,2019-07-24T18:05:00.000,,MAD,2019-07-24T16:05:00.000,H33,4,IBE3444
429,Air Europa,4553,landed,departure,China Eastern Airlines,MU,22,FCO,2019-07-24T17:25:00.000,22,MAD,2019-07-24T15:00:00.000,C48,2,CES4553
430,,1047,landed,departure,Air Europa,UX,22,FCO,2019-07-24T17:25:00.000,22,MAD,2019-07-24T15:00:00.000,C48,2,AEA1047
431,Iberia,8657,landed,departure,American Airlines,AA,9,BIO,2019-07-24T17:00:00.000,3,MAD,2019-07-24T16:00:00.000,,4,AAL8657
432,Iberia,6028,landed,departure,SA AVIANCA,AV,9,BIO,2019-07-24T17:00:00.000,3,MAD,2019-07-24T16:00:00.000,,4,AVA6028
433,Iberia,7242,landed,departure,British Airways,BA,9,BIO,2019-07-24T17:00:00.000,3,MAD,2019-07-24T16:00:00.000,,4,BAW7242
434,Air Europa,4818,landed,departure,Air France,AF,11,LPA,2019-07-24T17:00:00.000,17,MAD,2019-07-24T15:05:00.000,C40,2,AFR4818
435,Iberia,7086,landed,departure,LATAM Airlines,LA,9,BIO,2019-07-24T17:00:00.000,3,MAD,2019-07-24T16:00:00.000,,4,LAN7086
436,Iberia,6914,landed,departure,Qatar Airways,QR,9,BIO,2019-07-24T17:00:00.000,3,MAD,2019-07-24T16:00:00.000,,4,QTR6914
437,,438,landed,departure,Iberia,IB,9,BIO,2019-07-24T17:00:00.000,3,MAD,2019-07-24T16:00:00.000,,4,IBE438
438,Air Europa,6837,landed,departure,Aeromexico,AM,11,LPA,2019-07-24T17:00:00.000,17,MAD,2019-07-24T15:05:00.000,C40,2,AMX6837
439,Iberia Express,3724,landed,departure,Iberia,IB,40,AMS,2019-07-24T18:35:00.000,14,MAD,2019-07-24T15:55:00.000,,4,IBE3724
440,Iberia Express,7089,landed,departure,LATAM Airlines,LA,40,AMS,2019-07-24T18:35:00.000,14,MAD,2019-07-24T15:55:00.000,,4,LAN7089
441,,3724,landed,departure,Iberia Express,I2,40,AMS,2019-07-24T18:35:00.000,14,MAD,2019-07-24T15:55:00.000,,4,IBS3724
442,Air Europa,2401,landed,departure,Alitalia,AZ,11,LPA,2019-07-24T17:00:00.000,17,MAD,2019-07-24T15:05:00.000,C40,2,AZA2401
443,Iberia,8819,landed,departure,American Airlines,AA,3,MUC,2019-07-24T18:30:00.000,15,MAD,2019-07-24T15:55:00.000,J44,4,AAL8819
444,Iberia,5170,landed,departure,Air Baltic,BT,3,MUC,2019-07-24T18:30:00.000,15,MAD,2019-07-24T15:55:00.000,J44,4,BTI5170
445,Iberia,5398,landed,departure,LATAM Airlines,LA,3,MUC,2019-07-24T18:30:00.000,15,MAD,2019-07-24T15:55:00.000,J44,4,LAN5398
446,Iberia,5314,landed,departure,BoA,OB,3,MUC,2019-07-24T18:30:00.000,15,MAD,2019-07-24T15:55:00.000,J44,4,BOV5314
447,Air Europa,4397,landed,departure,Etihad Airways,EY,11,LPA,2019-07-24T17:00:00.000,17,MAD,2019-07-24T15:05:00.000,C40,2,ETD4397
448,,3192,landed,departure,Iberia,IB,3,MUC,2019-07-24T18:30:00.000,15,MAD,2019-07-24T15:55:00.000,J44,4,IBE3192
449,Air Europa,3348,landed,departure,KLM,KL,11,LPA,2019-07-24T17:00:00.000,17,MAD,2019-07-24T15:05:00.000,C40,2,KLM3348
450,,3268,landed,departure,Iberia,IB,9,HAM,2019-07-24T19:00:00.000,7,MAD,2019-07-24T16:05:00.000,J48,4,IBE3268
451,Air Nostrum,8554,landed,departure,American Airlines,AA,50,BLQ,2019-07-24T18:15:00.000,15,MAD,2019-07-24T16:00:00.000,K84,4,AAL8554
452,Air Nostrum,8786,landed,departure,Iberia,IB,50,BLQ,2019-07-24T18:15:00.000,15,MAD,2019-07-24T16:00:00.000,K84,4,IBE8786
453,,8786,landed,departure,Air Nostrum,YW,50,BLQ,2019-07-24T18:15:00.000,15,MAD,2019-07-24T16:00:00.000,K84,4,ANE8786
454,Air Europa,9447,landed,departure,TAROM,RO,11,LPA,2019-07-24T17:00:00.000,17,MAD,2019-07-24T15:05:00.000,C40,2,ROT9447
455,Iberia,8396,landed,departure,El Al,LY,1,TLV,2019-07-24T21:55:00.000,5,MAD,2019-07-24T16:10:00.000,S37,4S,ELY8396
456,,3316,landed,departure,Iberia,IB,1,TLV,2019-07-24T21:55:00.000,5,MAD,2019-07-24T16:10:00.000,S37,4S,IBE3316
457,Iberia Express,3696,landed,departure,Iberia,IB,2,PMO,2019-07-24T18:40:00.000,5,MAD,2019-07-24T16:10:00.000,,4,IBE3696
458,Air Europa,3655,landed,departure,Aeroflot,SU,11,LPA,2019-07-24T17:00:00.000,17,MAD,2019-07-24T15:05:00.000,C40,2,AFL3655
459,,3696,landed,departure,Iberia Express,I2,2,PMO,2019-07-24T18:40:00.000,5,MAD,2019-07-24T16:10:00.000,,4,IBS3696
460,Air Nostrum,8616,landed,departure,American Airlines,AA,,VLC,2019-07-24T17:10:00.000,6,MAD,2019-07-24T16:10:00.000,K89,4,AAL8616
461,Air Nostrum,6188,landed,departure,SA AVIANCA,AV,,VLC,2019-07-24T17:10:00.000,6,MAD,2019-07-24T16:10:00.000,K89,4,AVA6188
462,Air Nostrum,5088,landed,departure,Qatar Airways,QR,,VLC,2019-07-24T17:10:00.000,6,MAD,2019-07-24T16:10:00.000,K89,4,QTR5088
463,Air Europa,9396,landed,departure,Turkish Airlines,TK,11,LPA,2019-07-24T17:00:00.000,17,MAD,2019-07-24T15:05:00.000,C40,2,THY9396
464,Air Nostrum,8972,landed,departure,Iberia,IB,,VLC,2019-07-24T17:10:00.000,6,MAD,2019-07-24T16:10:00.000,K89,4,IBE8972
465,,8972,landed,departure,Air Nostrum,YW,,VLC,2019-07-24T17:10:00.000,6,MAD,2019-07-24T16:10:00.000,K89,4,ANE8972
466,Air Nostrum,8579,landed,departure,American Airlines,AA,7,SDR,2019-07-24T17:10:00.000,13,MAD,2019-07-24T16:05:00.000,K88,4,AAL8579
467,,9164,landed,departure,Air Europa,UX,11,LPA,2019-07-24T17:00:00.000,17,MAD,2019-07-24T15:05:00.000,C40,2,AEA9164
468,Air Nostrum,8600,landed,departure,Iberia,IB,7,SDR,2019-07-24T17:10:00.000,13,MAD,2019-07-24T16:05:00.000,K88,4,IBE8600
469,,8600,landed,departure,Air Nostrum,YW,7,SDR,2019-07-24T17:10:00.000,13,MAD,2019-07-24T16:05:00.000,K88,4,ANE8600
470,Air Nostrum,8535,landed,departure,American Airlines,AA,,BOD,2019-07-24T17:40:00.000,,MAD,2019-07-24T16:20:00.000,K66,4,AAL8535
471,Air Nostrum,1880,landed,departure,Cathay Pacific,CX,,BOD,2019-07-24T17:40:00.000,,MAD,2019-07-24T16:20:00.000,K66,4,CPA1880
472,Lufthansa,6096,landed,departure,ANA,NH,5,MUC,2019-07-24T17:40:00.000,9,MAD,2019-07-24T15:15:00.000,E67,2,ANA6096
473,Air Nostrum,8550,landed,departure,Iberia,IB,,BOD,2019-07-24T17:40:00.000,,MAD,2019-07-24T16:20:00.000,K66,4,IBE8550
474,,8550,landed,departure,Air Nostrum,YW,,BOD,2019-07-24T17:40:00.000,,MAD,2019-07-24T16:20:00.000,K66,4,ANE8550
475,Iberia,8804,landed,departure,American Airlines,AA,33,LCG,2019-07-24T17:00:00.000,36,MAD,2019-07-24T15:45:00.000,,4,AAL8804
476,Iberia,6036,landed,departure,SA AVIANCA,AV,33,LCG,2019-07-24T17:00:00.000,36,MAD,2019-07-24T15:45:00.000,,4,AVA6036
477,Lufthansa,7450,landed,departure,Austrian,OS,5,MUC,2019-07-24T17:40:00.000,9,MAD,2019-07-24T15:15:00.000,E67,2,AUA7450
478,Iberia,7106,landed,departure,British Airways,BA,33,LCG,2019-07-24T17:00:00.000,36,MAD,2019-07-24T15:45:00.000,,4,BAW7106
479,Iberia,7039,landed,departure,LATAM Airlines,LA,33,LCG,2019-07-24T17:00:00.000,36,MAD,2019-07-24T15:45:00.000,,4,LAN7039
480,Iberia,6888,landed,departure,Qatar Airways,QR,33,LCG,2019-07-24T17:00:00.000,36,MAD,2019-07-24T15:45:00.000,,4,QTR6888
481,Lufthansa,7547,landed,departure,South African Airways,SA,5,MUC,2019-07-24T17:40:00.000,9,MAD,2019-07-24T15:15:00.000,E67,2,SAA7547
482,,524,landed,departure,Iberia,IB,33,LCG,2019-07-24T17:00:00.000,36,MAD,2019-07-24T15:45:00.000,,4,IBE524
483,Air Nostrum,8604,landed,departure,American Airlines,AA,26,AGP,2019-07-24T17:00:00.000,31,MAD,2019-07-24T15:50:00.000,K96,4,AAL8604
484,Air Nostrum,7126,landed,departure,British Airways,BA,26,AGP,2019-07-24T17:00:00.000,31,MAD,2019-07-24T15:50:00.000,K96,4,BAW7126
485,Lufthansa,5013,landed,departure,Oman Air,WY,5,MUC,2019-07-24T17:40:00.000,9,MAD,2019-07-24T15:15:00.000,E67,2,OMA5013
486,Air Nostrum,6867,landed,departure,Qatar Airways,QR,26,AGP,2019-07-24T17:00:00.000,31,MAD,2019-07-24T15:50:00.000,K96,4,QTR6867
487,Air Nostrum,8810,landed,departure,Iberia,IB,26,AGP,2019-07-24T17:00:00.000,31,MAD,2019-07-24T15:50:00.000,K96,4,IBE8810
488,,1803,landed,departure,Lufthansa,LH,5,MUC,2019-07-24T17:40:00.000,9,MAD,2019-07-24T15:15:00.000,E67,2,DLH1803
489,,8810,landed,departure,Air Nostrum,YW,26,AGP,2019-07-24T17:00:00.000,31,MAD,2019-07-24T15:50:00.000,K96,4,ANE8810
490,Air Nostrum,8536,landed,departure,American Airlines,AA,,TLS,2019-07-24T16:45:00.000,,MAD,2019-07-24T15:25:00.000,K94,4,AAL8536
491,Air Nostrum,8770,landed,departure,Iberia,IB,,TLS,2019-07-24T16:45:00.000,,MAD,2019-07-24T15:25:00.000,K94,4,IBE8770
492,,8770,landed,departure,Air Nostrum,YW,,TLS,2019-07-24T16:45:00.000,,MAD,2019-07-24T15:25:00.000,K94,4,ANE8770
493,Air Europa,6955,landed,departure,Aeromexico,AM,21,FRA,2019-07-24T17:50:00.000,18,MAD,2019-07-24T15:10:00.000,D54,2,AMX6955
494,Air Europa,4373,landed,departure,Etihad Airways,EY,21,FRA,2019-07-24T17:50:00.000,18,MAD,2019-07-24T15:10:00.000,D54,2,ETD4373
495,Air Europa,7427,landed,departure,Air Serbia,JU,21,FRA,2019-07-24T17:50:00.000,18,MAD,2019-07-24T15:10:00.000,D54,2,ASL7427
496,,1509,landed,departure,Air Europa,UX,21,FRA,2019-07-24T17:50:00.000,18,MAD,2019-07-24T15:10:00.000,D54,2,AEA1509
497,,2053,landed,departure,Ryanair,FR,,PMI,2019-07-24T17:05:00.000,,MAD,2019-07-24T15:30:00.000,C36,1,RYR2053
498,Air Europa,4814,landed,departure,Air France,AF,14,TFN,2019-07-24T16:55:00.000,31,MAD,2019-07-24T15:00:00.000,D56,2,AFR4814
499,Air Europa,6825,landed,departure,Aeromexico,AM,14,TFN,2019-07-24T16:55:00.000,31,MAD,2019-07-24T15:00:00.000,D56,2,AMX6825
500,Air Europa,2426,landed,departure,Alitalia,AZ,14,TFN,2019-07-24T16:55:00.000,31,MAD,2019-07-24T15:00:00.000,D56,2,AZA2426
501,Air Europa,3389,landed,departure,KLM,KL,14,TFN,2019-07-24T16:55:00.000,31,MAD,2019-07-24T15:00:00.000,D56,2,KLM3389
502,Air Europa,9449,landed,departure,TAROM,RO,14,TFN,2019-07-24T16:55:00.000,31,MAD,2019-07-24T15:00:00.000,D56,2,ROT9449
503,Air Europa,3671,landed,departure,Aeroflot,SU,14,TFN,2019-07-24T16:55:00.000,31,MAD,2019-07-24T15:00:00.000,D56,2,AFL3671
504,,9048,landed,departure,Air Europa,UX,14,TFN,2019-07-24T16:55:00.000,31,MAD,2019-07-24T15:00:00.000,D56,2,AEA9048
505,Iberia Express,3630,landed,departure,Iberia,IB,,NCE,2019-07-24T17:35:00.000,,MAD,2019-07-24T15:35:00.000,,4,IBE3630
